Text,Sentiment,Platform,Hashtags,Retweets,Likes,Country
enjoying a beautiful day at the park,Positive,Twitter,#Nature #Park,15.0,30.0,USA
traffic was terrible this morning,Negative,Twitter,#Traffic #Morning,5.0,10.0,Canada
just finished an amazing workout,Positive,Instagram,#Fitness #Workout,20.0,40.0,USA
excited about the upcoming weekend getaway,Positive,Facebook,#Travel #Adventure,8.0,15.0,UK
trying out a new recipe for dinner tonight,Neutral,Instagram,#Cooking #Food,12.0,25.0,Australia
feeling grateful for the little things in life,Positive,Twitter,#Gratitude #PositiveVibes,25.0,50.0,India
rainy days call for cozy blankets and hot cocoa,Positive,Facebook,#RainyDays #Cozy,10.0,20.0,Canada
the new movie release is a mustwatch,Positive,Instagram,#MovieNight #MustWatch,15.0,30.0,USA
political discussions heating up on the timeline,Negative,Twitter,#Politics #Debate,30.0,60.0,USA
missing summer vibes and beach days,Neutral,Facebook,#Summer #BeachDays,18.0,35.0,Australia
just published a new blog post check it out,Positive,Instagram,#Blogging #NewPost,22.0,45.0,USA
feeling a bit under the weather today,Negative,Twitter,#SickDay #Health,7.0,15.0,Canada
exploring the citys hidden gems,Positive,Facebook,#CityExplore #HiddenGems,12.0,25.0,UK
new year new fitness goals,Positive,Instagram,#NewYear #FitnessGoals,28.0,55.0,USA
technology is changing the way we live,Neutral,Twitter,#Tech #Innovation,15.0,30.0,India
reflecting on the past and looking ahead,Positive,Facebook,#Reflection #Future,20.0,40.0,USA
just adopted a cute furry friend,Positive,Instagram,#PetAdoption #FurryFriend,15.0,30.0,Canada
latenight gaming session with friends,Positive,Twitter,#Gaming #LateNight,18.0,35.0,UK
attending a virtual conference on ai,Neutral,Facebook,#AI #TechConference,25.0,50.0,USA
winter blues got me feeling low,Negative,Instagram,#WinterBlues #Mood,8.0,15.0,USA
sipping coffee and enjoying a good book,Positive,Twitter,#Reading #CoffeeTime,22.0,45.0,India
exploring the world of virtual reality,Positive,Facebook,#VR #VirtualReality,15.0,30.0,USA
productive day ticking off my todo list,Positive,Instagram,#Productivity #WorkFromHome,30.0,60.0,USA
just finished a challenging workout routine,Positive,Twitter,#Fitness #ChallengeAccepted,20.0,40.0,UK
celebrating a milestone at work,Positive,Facebook,#Career #Milestone,12.0,25.0,Canada
sunday brunch with friends,Positive,Instagram,#Brunch #Friends,15.0,30.0,UK
learning a new language for personal growth,Positive,Facebook,#LanguageLearning #PersonalGrowth,25.0,50.0,India
quiet evening with a good book,Positive,Instagram,#Reading #QuietTime,15.0,30.0,Australia
reflecting on the importance of mental health,Positive,Twitter,#MentalHealth #SelfCare,22.0,45.0,USA
new painting in progress,Positive,Facebook,#Art #PaintingInProgress,12.0,25.0,Canada
weekend road trip to explore scenic views,Positive,Instagram,#RoadTrip #ScenicViews,18.0,35.0,UK
enjoying a cup of tea and watching the sunset,Positive,Twitter,#TeaTime #Sunset,15.0,30.0,India
coding a new project with enthusiasm,Positive,Facebook,#Coding #Enthusiasm,30.0,60.0,USA
feeling inspired after attending a workshop,Positive,Instagram,#Inspiration #Workshop,25.0,50.0,USA
winter sports day at the local park,Positive,Twitter,#WinterSports #Fun,15.0,30.0,Canada
quality time with family this weekend,Positive,Facebook,#FamilyTime #Weekend,22.0,45.0,UK
attending a live music concert tonight,Positive,Instagram,#Music #ConcertNight,18.0,35.0,USA
practicing mindfulness with meditation,Positive,Twitter,#Mindfulness #Meditation,15.0,30.0,India
trying out a new dessert recipe,Positive,Facebook,#Dessert #Cooking,12.0,25.0,Canada
excited about the upcoming gaming tournament,Positive,Instagram,#Gaming #Tournament,30.0,60.0,USA
planning a garden makeover for spring,Positive,Twitter,#Gardening #Spring,25.0,50.0,USA
celebrating a friends birthday tonight,Positive,Facebook,#Birthday #Celebration,15.0,30.0,UK
feeling accomplished after a productive day,Positive,Instagram,#Accomplished #Success,22.0,45.0,India
a cozy evening with a good movie,Positive,Twitter,#CozyNight #MovieTime,18.0,35.0,Canada
exploring local art galleries this weekend,Positive,Facebook,#Art #GalleryExplore,15.0,30.0,USA
new book release from my favorite author,Positive,Instagram,#BookRelease #FavoriteAuthor,12.0,25.0,UK
attending a virtual reality meetup,Positive,Twitter,#VRMeetup #VirtualReality,28.0,55.0,India
reflecting on the beauty of nature,Positive,Facebook,#Nature #Reflection,15.0,30.0,Australia
cooking a special dinner for loved ones,Positive,Instagram,#Cooking #SpecialDinner,20.0,40.0,USA
feeling optimistic about the week ahead,Positive,Twitter,#Optimism #NewWeek,15.0,30.0,Canada
starting a new fitness challenge tomorrow,Positive,Facebook,#FitnessChallenge #NewBeginnings,22.0,45.0,UK
sunday bike ride through scenic trails,Positive,Instagram,#BikeRide #ScenicTrails,18.0,35.0,USA
cant believe the injustice happening in our society,Anger,Twitter,#Injustice #Angry,20.0,40.0,Canada
feeling a sense of fear after watching a thriller movie,Fear,Instagram,#Fear #ThrillerMovie,15.0,30.0,USA
heartbroken after hearing the news about a natural disaster,Sadness,Facebook,#Sadness #NaturalDisaster,25.0,50.0,India
the state of the worlds environment is just disgusting,Disgust,Twitter,#Disgust #Environment,18.0,35.0,UK
pure happiness celebrating a loved ones achievement,Happiness,Instagram,#Happiness #Celebration,30.0,60.0,USA
laughter is the best medicineenjoying a comedy show,Joy,Facebook,#Joy #ComedyShow,22.0,45.0,Canada
sharing love and positive vibes with everyone,Love,Twitter,#Love #SpreadLove,15.0,30.0,Australia
an amusing incident brightened up my day,Amusement,Instagram,#Amusement #FunTimes,18.0,35.0,UK
enjoying a quiet evening with a book and some tea,Enjoyment,Facebook,#Enjoyment #BookTime,25.0,50.0,Canada
admiring the beauty of nature during a peaceful hike,Admiration,Twitter,#Admiration #Nature,20.0,40.0,USA
sending affectionate vibes to all my followers,Affection,Instagram,#Affection #PositiveVibes,15.0,30.0,USA
experiencing awe at the breathtaking sunset,Awe,Facebook,#Awe #Breathtaking,22.0,45.0,Australia
disappointed with the service at a local restaurant,Disappointed,Twitter,#Disappointed #BadService,18.0,35.0,India
a surprise gift from a friend made my day,Surprise,Instagram,#Surprise #Gift,25.0,50.0,USA
finding acceptance in the midst of lifes challenges,Acceptance,Facebook,#Acceptance #Challenges,15.0,30.0,Canada
overflowing with adoration for my adorable pet,Adoration,Twitter,#Adoration #PetLove,22.0,45.0,UK
anticipating a thrilling adventure in the coming weeks,Anticipation,Instagram,#Anticipation #Adventure,20.0,40.0,USA
a bitter experience turned into a valuable lesson,Bitter,Facebook,#BitterLesson #Growth,18.0,35.0,USA
finding calmness in the midst of a busy day,Calmness,Twitter,#Calmness #PeacefulMind,15.0,30.0,India
confusion clouds my mind as i navigate through decisions,Confusion,Instagram,#Confusion #DecisionMaking,25.0,50.0,UK
excitement building up for the upcoming vacation,Excitement,Facebook,#Excitement #TravelPlans,22.0,45.0,Canada
kindness witnessed today restored my faith in humanity,Kind,Twitter,#Kindness #Humanity,20.0,40.0,USA
pride in achieving a personal milestone,Pride,Instagram,#Pride #Milestone,30.0,60.0,Australia
a moment of shame for not standing up against injustice,Shame,Facebook,#Shame #Injustice,15.0,30.0,India
fuming with anger after a heated argument,Anger,Twitter,#Anger #Argument,20.0,40.0,Canada
the fear of the unknown is keeping me up at night,Fear,Instagram,#Fear #Unknown,15.0,30.0,USA
heartfelt sadness after bidding farewell to a dear friend,Sadness,Facebook,#Sadness #Farewell,25.0,50.0,India
the state of corruption in our society is utterly disgusting,Disgust,Twitter,#Disgust #Corruption,18.0,35.0,UK
overflowing happiness welcoming a new family member,Happiness,Instagram,#Happiness #NewFamilyMember,30.0,60.0,UK
laughter is the key to joyattending a standup comedy show,Joy,Facebook,#Joy #StandUpComedy,22.0,45.0,Canada
sending love to all my followers on this beautiful day,Love,Twitter,#Love #SpreadLove,15.0,30.0,Australia
amused by the antics of my petits pure amusement,Amusement,Instagram,#Amusement #PetAntics,18.0,35.0,UK
enjoying every moment of this trippure enjoyment,Enjoyment,Facebook,#Enjoyment #Travel,25.0,50.0,USA
admiring the dedication of volunteers at a local charity,Admiration,Twitter,#Admiration #Volunteers,20.0,40.0,USA
sending affectionate vibes to friends and family,Affection,Instagram,#Affection #FamilyLove,15.0,30.0,USA
awestruck by the beauty of the night sky,Awe,Facebook,#Awe #StarryNight,22.0,45.0,Australia
disappointed with the lack of progress in a personal project,Disappointed,Twitter,#Disappointed #Project,18.0,35.0,India
a surprise visit from an old friend brought tears of joy,Surprise,Instagram,#Surprise #OldFriends,25.0,50.0,USA
embracing acceptance of lifes ups and downs,Acceptance,Facebook,#Acceptance #LifeJourney,15.0,30.0,Canada
overflowing adoration for a cute rescue puppy,Adoration,Twitter,#Adoration #PuppyLove,22.0,45.0,UK
anticipating the release of a muchawaited movie,Anticipation,Instagram,#Anticipation #MovieRelease,20.0,40.0,Australia
bitter experience at the customer service department,Bitter,Facebook,#BitterExperience #CustomerService,18.0,35.0,USA
finding calmness amidst the chaos of daily life,Calmness,Twitter,#Calmness #InnerPeace,15.0,30.0,India
confusion reigns as i try to make sense of recent events,Confusion,Instagram,#Confusion #MakingSense,25.0,50.0,UK
excitement building up for a surprise birthday party,Excitement,Facebook,#Excitement #SurpriseParty,22.0,45.0,Canada
witnessed an act of kindness that made my day,Kind,Twitter,#Kindness #ActsOfKindness,20.0,40.0,USA
pride in completing a challenging fitness challenge,Pride,Instagram,#Pride #FitnessChallengeCompleted,30.0,60.0,UK
a moment of shame for not speaking up against injustice,Shame,Facebook,#Shame #Injustice,15.0,30.0,India
reflecting on the beauty of diversity in our world,Acceptance,Twitter,#Acceptance #Diversity,22.0,45.0,Australia
excitement for a quiet evening with a good book,Excitement,Instagram,#Excitement #BookTime,18.0,35.0,USA
feeling bitter about the unfairness in the workplace,Bitter,Twitter,#Bitter #Unfairness,15.0,30.0,Canada
calmness prevails as i practice mindfulness,Calmness,Facebook,#Calmness #Mindfulness,15.0,30.0,UK
confusion surrounds me as i navigate through lifes choices,Confusion,Instagram,#Confusion #LifeChoices,30.0,60.0,USA
excitement for a weekend road trip to explore new places,Excitement,Twitter,#Excitement #WeekendAdventure,25.0,50.0,India
kindness witnessed today restores my faith in humanity,Kind,Facebook,#Kindness #HumanityRestored,22.0,45.0,USA
pride in accomplishing personal and professional goals,Pride,Instagram,#Pride #Accomplishments,12.0,25.0,Canada
shame for not being true to my values in a difficult situation,Shame,Twitter,#Shame #Integrity,15.0,30.0,UK
revisiting old memories feeling a sense of elation,Elation,Twitter,#Elation #Memories,20.0,40.0,Canada
the victory of our team brought euphoria to the city,Euphoria,Instagram,#Euphoria #Victory,15.0,30.0,USA
embracing the beauty of nature a moment of contentment,Contentment,Facebook,#Contentment #Nature,25.0,50.0,India
meditating by the serene lake finding inner peace,Serenity,Twitter,#Serenity #Meditation,18.0,35.0,UK
overflowing with gratitude for lifes blessings,Gratitude,Instagram,#Gratitude #Blessed,30.0,60.0,Australia
hopeful for a brighter tomorrow despite challenges,Hope,Facebook,#Hope #Optimism,22.0,45.0,USA
empowered to make a difference in my community,Empowerment,Twitter,#Empowerment #Community,15.0,30.0,UK
compassion in action supporting a local charity event,Compassion,Instagram,#Compassion #CharityEvent,18.0,35.0,Canada
a moment of tenderness connecting with loved ones,Tenderness,Facebook,#Tenderness #FamilyTime,25.0,50.0,UK
arousal of excitement as i await a special announcement,Arousal,Twitter,#Arousal #Excitement,20.0,40.0,Australia
enthusiastically diving into a new project,Enthusiasm,Instagram,#Enthusiasm #NewProject,15.0,30.0,USA
feeling a sense of fulfillment after reaching a milestone,Fulfillment,Facebook,#Fulfillment #Milestone,22.0,45.0,India
reverence for the beauty of a historic landmark,Reverence,Twitter,#Reverence #History,18.0,35.0,UK
elation after a surprise reunion with old friends,Elation,Instagram,#Elation #OldFriends,25.0,50.0,Canada
the euphoria of a live music concert under the stars,Euphoria,Facebook,#Euphoria #LiveMusic,15.0,30.0,USA
contentment in the simplicity of a quiet sunday,Contentment,Twitter,#Contentment #SundayMood,30.0,60.0,Australia
serenity found in the pages of a favorite book,Serenity,Instagram,#Serenity #BookTime,22.0,45.0,UK
gratitude for the support received during tough times,Gratitude,Facebook,#Gratitude #Supportive,15.0,30.0,India
hopeful about the possibilities of a new journey,Hope,Twitter,#Hope #NewBeginnings,18.0,35.0,Canada
empowerment through learning and personal growth,Empowerment,Instagram,#Empowerment #PersonalGrowth,25.0,50.0,USA
compassion towards those in need during the holidays,Compassion,Facebook,#Compassion #HolidaySupport,18.0,35.0,USA
tenderness in the warmth of a cozy winter evening,Tenderness,Twitter,#Tenderness #CozyEvening,25.0,50.0,UK
arousal of excitement for an upcoming adventure,Arousal,Instagram,#Arousal #AdventureTime,20.0,40.0,Australia
enthusiasm for a creative project in the making,Enthusiasm,Facebook,#Enthusiasm #Creativity,15.0,30.0,Canada
fulfillment in completing a challenging workout routine,Fulfillment,Twitter,#Fulfillment #FitnessGoals,22.0,45.0,India
reverence for the artistry displayed in a museum,Reverence,Instagram,#Reverence #ArtAppreciation,18.0,35.0,UK
elation after achieving a personal goal,Elation,Facebook,#Elation #PersonalAchievement,25.0,50.0,USA
elation over discovering a hidden gem in the city,Elation,Twitter,#Elation #HiddenGem,20.0,40.0,USA
the euphoria of a surprise birthday celebration,Euphoria,Instagram,#Euphoria #BirthdaySurprise,15.0,30.0,UK
contentment in the simplicity of a homecooked meal,Contentment,Facebook,#Contentment #HomeCooking,25.0,50.0,India
serenity found in the melody of a peaceful piano,Serenity,Twitter,#Serenity #PeacefulMelody,18.0,35.0,Canada
gratitude for the supportive community around me,Gratitude,Instagram,#Gratitude #CommunitySupport,30.0,60.0,USA
hopeful about the prospects of a new business venture,Hope,Facebook,#Hope #BusinessVenture,22.0,45.0,Canada
empowerment through mentoring and guiding others,Empowerment,Twitter,#Empowerment #Mentorship,15.0,30.0,UK
compassion shown through acts of kindness in the community,Compassion,Instagram,#Compassion #CommunityKindness,18.0,35.0,Australia
tenderness in a heartfelt message to a loved one,Tenderness,Facebook,#Tenderness #LoveNote,25.0,50.0,UK
arousal of excitement before a muchawaited trip,Arousal,Twitter,#Arousal #TravelAdventure,20.0,40.0,India
enthusiasm for a new artistic project in the works,Enthusiasm,Instagram,#Enthusiasm #ArtisticProject,15.0,30.0,USA
feeling a sense of fulfillment after helping others,Fulfillment,Facebook,#Fulfillment #HelpingOthers,22.0,45.0,Canada
reverence for the historical significance of a landmark,Reverence,Twitter,#Reverence #HistoricalSite,18.0,35.0,Australia
elation after achieving a fitness milestone,Elation,Instagram,#Elation #FitnessMilestone,25.0,50.0,UK
the euphoria of a successful product launch,Euphoria,Facebook,#Euphoria #ProductLaunchSuccess,15.0,30.0,USA
contentment in the embrace of a loved one,Contentment,Twitter,#Contentment #Love,30.0,60.0,India
serenity found in the beauty of a sunset by the sea,Serenity,Instagram,#Serenity #SunsetViews,22.0,45.0,Canada
gratitude for the small joys that each day brings,Gratitude,Facebook,#Gratitude #SmallJoys,15.0,30.0,Australia
hopeful about the potential for personal growth,Hope,Twitter,#Hope #PersonalDevelopment,18.0,35.0,UK
empowerment through learning a new skill,Empowerment,Instagram,#Empowerment #SkillBuilding,25.0,50.0,India
compassion in volunteering for a local charity,Compassion,Facebook,#Compassion #VolunteerWork,18.0,35.0,USA
tenderness in a quiet moment shared with a pet,Tenderness,Twitter,#Tenderness #PetLove,25.0,50.0,Canada
arousal of excitement for an upcoming festival,Arousal,Instagram,#Arousal #FestivalExcitement,20.0,40.0,UK
enthusiasm for a diy home improvement project,Enthusiasm,Facebook,#Enthusiasm #HomeImprovement,15.0,30.0,Australia
fulfillment in completing a challenging puzzle,Fulfillment,Twitter,#Fulfillment #PuzzleChallenge,22.0,45.0,India
reverence for the wonders of nature on a hiking trail,Reverence,Instagram,#Reverence #NatureExploration,18.0,35.0,USA
elation after a surprise reunion with a childhood friend,Elation,Facebook,#Elation #FriendshipReunion,25.0,50.0,Canada
suffering from despair after another setback,Despair,Twitter,#Despair #Struggle,5.0,10.0,USA
overwhelmed by grief missing a loved one dearly,Grief,Instagram,#Grief #Loss,8.0,15.0,Canada
loneliness creeps in as the night grows colder,Loneliness,Facebook,#Loneliness #Isolation,10.0,20.0,UK
jealousy consumes me as i witness others success,Jealousy,Twitter,#Jealousy #Envy,12.0,25.0,India
resentment building up over past betrayals,Resentment,Instagram,#Resentment #Bitterness,7.0,15.0,Australia
frustration mounts as obstacles block my path,Frustration,Facebook,#Frustration #Obstacles,10.0,20.0,USA
boredom sets in the day feels endlessly dull,Boredom,Twitter,#Boredom #LackOfInterest,8.0,15.0,Canada
anxiety grips my heart worry clouds my thoughts,Anxiety,Instagram,#Anxiety #Worry,12.0,25.0,UK
intimidation by the unknown future ahead,Intimidation,Facebook,#Intimidation #Fear,15.0,30.0,India
helplessness sinks in as challenges pile up,Helplessness,Twitter,#Helplessness #Overwhelmed,8.0,15.0,Australia
envy eats away at me as i see others prosperity,Envy,Instagram,#Envy #Desire,10.0,20.0,Canada
regret over missed opportunities haunts my thoughts,Regret,Facebook,#Regret #MissedChances,12.0,25.0,UK
disgust at the sight of injustice and cruelty,Disgust,Twitter,#Disgust #Injustice,7.0,15.0,India
drowning in despair hope slipping through my fingers,Despair,Instagram,#Despair #Hopeless,10.0,20.0,USA
grief weighs heavy tears a constant companion,Grief,Facebook,#Grief #Tears,12.0,25.0,Canada
loneliness in a crowded room a silent cry for connection,Loneliness,Twitter,#Loneliness #SeekingConnection,15.0,30.0,UK
jealousy gnaws at my confidence a toxic emotion,Jealousy,Instagram,#Jealousy #Insecurity,8.0,15.0,India
resentment festers poisoning relationships,Resentment,Facebook,#Resentment #BrokenTrust,10.0,20.0,Australia
frustration boils over a volcanic eruption of emotions,Frustration,Twitter,#Frustration #EmotionalOutburst,12.0,25.0,USA
boredom settles like dust life feels mundane,Boredom,Instagram,#Boredom #Monotony,7.0,15.0,Canada
anxiety grips my chest a relentless grip on my thoughts,Anxiety,Facebook,#Anxiety #Restlessness,10.0,20.0,UK
intimidation by the challenges ahead fear takes hold,Intimidation,Twitter,#Intimidation #FacingFear,15.0,30.0,India
helplessness engulfs me drowning in a sea of problems,Helplessness,Instagram,#Helplessness #Struggling,8.0,15.0,Australia
envy poisons my thoughts coveting others success,Envy,Facebook,#Envy #Success,10.0,20.0,Canada
regret for decisions that led to a painful present,Regret,Twitter,#Regret #PastChoices,12.0,25.0,USA
disgust at the corruption that stains society,Disgust,Instagram,#Disgust #Corruption,7.0,15.0,UK
sinking in despair each day darker than the last,Despair,Facebook,#Despair #DarkDays,10.0,20.0,India
grief overwhelms a storm of emotions within,Grief,Twitter,#Grief #EmotionalStorm,12.0,25.0,Canada
loneliness echoes in empty spaces yearning for connection,Loneliness,Instagram,#Loneliness #YearningForConnection,15.0,30.0,Australia
jealousy poisons my thoughts resentment brewing within,Jealousy,Facebook,#Jealousy #Resentment,8.0,15.0,USA
resentment festers a wound that refuses to heal,Resentment,Twitter,#Resentment #Unforgiving,10.0,20.0,India
frustration escalates a thunderstorm of emotions,Frustration,Instagram,#Frustration #EmotionalOutburst,12.0,25.0,UK
boredom lingers a stagnant pool of indifference,Boredom,Facebook,#Boredom #Stagnation,7.0,15.0,Canada
embarking on a journey of discovery fueled by curiosity and a thirst for knowledge,Curiosity,Twitter,#Curiosity #Learning,15.0,30.0,USA
lost in the vast sea of information an indifferent wave in the digital ocean,Indifference,Instagram,#Indifference #DigitalOverload,7.0,15.0,Canada
the complex puzzle of life leaves me in a state of perpetual confusion seeking answers in the chaos,Confusion,Facebook,#Confusion #LifePuzzle,10.0,20.0,UK
a numbness settles over me a shield against the overwhelming emotions life throws my way,Numbness,Twitter,#Numbness #EmotionalShield,8.0,15.0,India
gazing at the sunset a melancholic longing for moments that slip through the fingers of time,Melancholy,Instagram,#Melancholy #SunsetMoments,12.0,25.0,Australia
revisiting old photographs caught in the embrace of nostalgias bittersweet symphony,Nostalgia,Facebook,#Nostalgia #MemoryLane,10.0,20.0,USA
torn between conflicting emotions an ambivalence that paints my decisions in shades of uncertainty,Ambivalence,Twitter,#Ambivalence #UncertainChoices,12.0,25.0,Canada
embracing the ebb and flow of life finding acceptance in the dance of existence,Acceptance,Instagram,#Acceptance #LifeJourney,15.0,30.0,UK
facing challenges headon a determination that fuels the fire within to achieve the impossible,Determination,Facebook,#Determination #AchieveTheImpossible,10.0,20.0,India
serenity found in the stillness of nature a tranquil retreat from the chaos of the modern world,Serenity,Twitter,#Serenity #NatureRetreat,12.0,25.0,Australia
curiosity leading me down the rabbit hole of knowledge a perpetual student in lifes classroom,Curiosity,Instagram,#Curiosity #KnowledgeQuest,20.0,40.0,USA
floating through the day with an air of indifference detached from the mundane happenings around,Indifference,Facebook,#Indifference #FloatingThroughLife,10.0,20.0,Canada
entangled in the web of thoughts confusion reigning as i navigate the labyrinth of ideas,Confusion,Twitter,#Confusion #ThoughtLabyrinth,15.0,30.0,UK
numb to the chaos emotions locked away a stoic facade concealing the inner turmoil,Numbness,Instagram,#Numbness #StoicFacade,8.0,15.0,Australia
melancholy whispers in the breeze a silent conversation with the echoes of forgotten dreams,Melancholy,Facebook,#Melancholy #WhispersInTheBreeze,12.0,25.0,India
stumbling upon an old journal nostalgia flooding in waves carrying me to moments long gone,Nostalgia,Twitter,#Nostalgia #JournalMoments,10.0,20.0,Canada
a tapestry of conflicting feelings weaving through uncertainty caught in the threads of ambivalence,Ambivalence,Instagram,#Ambivalence #ConflictingFeelings,12.0,25.0,UK
embracing the flaws finding acceptance in imperfection a journey towards selflove,Acceptance,Facebook,#Acceptance #SelfLoveJourney,15.0,30.0,Australia
determination burning like a wildfire overcoming obstacles turning dreams into reality,Determination,Twitter,#Determination #DreamsIntoReality,18.0,35.0,USA
tranquil moments by the ocean serenity washing over a peaceful retreat within the waves embrace,Serenity,Instagram,#Serenity #OceanRetreat,25.0,50.0,Canada
exploring new horizons with the spark of curiosity an adventurer in the vast landscape of knowledge,Curiosity,Facebook,#Curiosity #NewHorizons,22.0,45.0,India
drifting through the day with a nonchalant demeanor embracing the art of indifference,Indifference,Twitter,#Indifference #DriftingThroughLife,9.0,18.0,UK
wrestling with thoughts a perplexed mind lost in the labyrinth of lifes complexities,Confusion,Instagram,#Confusion #PerplexedMind,14.0,28.0,Australia
immersed in a state of emotional numbness a shield against the storm of daily struggles,Numbness,Facebook,#Numbness #EmotionalShield,10.0,20.0,USA
a melancholic symphony playing in the background the soundtrack of a wistful heart,Melancholy,Twitter,#Melancholy #WistfulHeart,13.0,26.0,Canada
flipping through the pages of an old yearbook nostalgia painting smiles and tears on my face,Nostalgia,Instagram,#Nostalgia #YearbookMemories,12.0,25.0,India
torn between opposing emotions an ambivalence that colors my decisions with shades of uncertainty,Ambivalence,Facebook,#Ambivalence #ShadesOfUncertainty,15.0,30.0,Australia
embracing lifes imperfections finding acceptance in the journey scars and all,Acceptance,Twitter,#Acceptance #ImperfectJourney,18.0,36.0,Canada
a fiery determination burning within fueled by the vision of reaching unparalleled heights,Determination,Instagram,#Determination #UnparalleledHeights,20.0,40.0,UK
basking in the serenity of a quiet forest where the whispers of nature bring peace to the soul,Serenity,Facebook,#Serenity #NatureWhispers,25.0,50.0,USA
indifferent to the noise of the world a silent observer in the midst of lifes cacophony,Indifference,Instagram,#Indifference #SilentObserver,9.0,18.0,India
navigating through the labyrinth of thoughts confusion a constant companion in the maze of ideas,Confusion,Facebook,#Confusion #ThoughtLabyrinth,14.0,28.0,Australia
an impenetrable numbness shields me from the emotional storms a fortress of stoic resilience,Numbness,Twitter,#Numbness #StoicResilience,11.0,22.0,UK
melancholy painting the world in hues of nostalgia a canvas of bittersweet memories,Melancholy,Instagram,#Melancholy #BittersweetMemories,13.0,26.0,USA
a journey into the past flipping through the pages of an old diary nostalgia taking the lead,Nostalgia,Facebook,#Nostalgia #DiaryJourney,12.0,25.0,Canada
ambivalence clouding decisions caught in the crossroads of conflicting emotions,Ambivalence,Twitter,#Ambivalence #ConflictingEmotions,15.0,30.0,India
embracing imperfections finding acceptance in the mosaic of lifes beautiful chaos,Acceptance,Instagram,#Acceptance #BeautifulChaos,18.0,36.0,Australia
determination as the driving force propelling me forward on the path to extraordinary achievements,Determination,Facebook,#Determination #ExtraordinaryPath,20.0,40.0,USA
seeking serenity in the melody of raindrops a tranquil escape from the noise of everyday life,Serenity,Twitter,#Serenity #RaindropMelody,25.0,50.0,Canada
curiosity driving the exploration of the unknown a seeker of knowledge in uncharted territories,Curiosity,Instagram,#Curiosity #SeekerOfKnowledge,22.0,45.0,UK
drifting through the day with an air of nonchalance indifferent to the trivialities of life,Indifference,Facebook,#Indifference #DriftingThroughLife,9.0,18.0,India
lost in the labyrinth of thoughts confusion casting shadows on the quest for clarity,Confusion,Twitter,#Confusion #LabyrinthOfThoughts,14.0,28.0,Australia
wrapped in the cloak of emotional numbness a shield against the storms of lifes turbulence,Numbness,Instagram,#Numbness #EmotionalStorms,10.0,20.0,Canada
melancholy as a companion painting the canvas of life with the brushstrokes of wistful yearning,Melancholy,Facebook,#Melancholy #WistfulYearning,13.0,26.0,UK
leafing through the pages of an old photo album nostalgia weaving tales of laughter and tears,Nostalgia,Twitter,#Nostalgia #PhotoAlbumStories,12.0,25.0,USA
ambivalence in the air caught between the crossroads of conflicting emotions and decisions,Ambivalence,Instagram,#Ambivalence #CrossroadsConfusion,15.0,30.0,Canada
embracing the beauty in imperfections finding acceptance in the mosaic of lifes unpredictable art,Acceptance,Facebook,#Acceptance #UnpredictableArt,18.0,36.0,Australia
determination ablaze forging a path through challenges sculpting dreams into tangible realities,Determination,Twitter,#Determination #SculptingDreams,20.0,40.0,UK
immerse in the serenity of a moonlit night where the quiet whispers of nature bring peace to the soul,Serenity,Instagram,#Serenity #MoonlitPeace,25.0,50.0,USA
fueled by curiosity venturing into uncharted realms a fearless explorer of the mysteries of the world,Curiosity,Facebook,#Curiosity #FearlessExplorer,22.0,44.0,India
wrapped in the cloak of emotional numbness a shield against the storms of lifes turbulence,Numbness,Instagram,#Numbness #EmotionalStorms,10.0,20.0,Canada
dancing through life with the exuberance of a carefree spirit embracing joy and zest at every turn,Zest,Twitter,#Zest #CarefreeSpirit,15.0,30.0,USA
basking in the golden glow of contentment a serene river flowing through the landscape of the heart,Contentment,Facebook,#Contentment #GoldenGlow,18.0,36.0,Australia
gazing towards the horizon with hopeful eyes painting a canvas of dreams illuminated by the sun of optimism,Hopeful,Instagram,#Hopeful #CanvasOfDreams,12.0,24.0,India
standing tall proud as an oak the branches of achievement reaching towards the sky of accomplishment,Proud,Twitter,#Proud #BranchesOfAchievement,25.0,50.0,Canada
a heart overflowing with gratitude a garden where appreciation blooms in the soil of kindness and connection,Grateful,Facebook,#Grateful #BlossomingConnection,20.0,40.0,USA
extending a hand empathetic threads weaving a tapestry of understanding embracing the joys and sorrows of others,Empathetic,Instagram,#Empathetic #TapestryOfUnderstanding,15.0,30.0,UK
compassionate clouds heavy with care showering empathy on the parched grounds of human suffering,Compassionate,Twitter,#Compassionate #ShowerOfEmpathy,18.0,36.0,Australia
playfully dancing in the rain of laughter a whimsical spirit twirling in the puddles of joy and lightheartedness,Playful,Facebook,#Playful #DanceInTheRain,22.0,44.0,Canada
soaring on the wings of a free spirit unburdened by the chains of conformity painting the sky with independence,Free-spirited,Instagram,#FreeSpirit #PaintingTheSky,20.0,40.0,India
bathed in the glow of inspiration a creative phoenix rising from the ashes of ordinary thoughts to explore new realms,Inspired,Twitter,#Inspired #CreativePhoenix,15.0,30.0,UK
navigating the sea of hope sailing towards the sunrise of possibilities confident in the ship of positive anticipation,Hopeful,Facebook,#Hopeful #SunriseOfPossibilities,12.0,24.0,USA
striding with confidence footprints of selfassuredness imprinted on the sands of challenges conquered and victories claimed,Confident,Instagram,#Confident #FootprintsOfAssuredness,25.0,50.0,Australia
lost in the symphony of the night a moonlit serenade that whispers tales of wanderlust and moonlit dreams,Serenity,Twitter,#Serenity #MoonlitSerenade,13.0,26.0,Canada
unveiling the layers of curiosity a labyrinth of questions leading to the treasure troves of undiscovered knowledge,Curiosity,Instagram,#Curiosity #LabyrinthOfQuestions,17.0,34.0,USA
in the embrace of the autumn breeze leaves of ambivalence dancing in a waltz between choices and uncertainties,Ambivalence,Facebook,#Ambivalence #AutumnWaltz,14.0,28.0,UK
gratitude as a guiding star navigating the constellation of blessings in the vast universe of lifes precious moments,Grateful,Twitter,#Grateful #GuidingStar,19.0,38.0,Australia
with a zestful heart sprinting through fields of enthusiasm chasing sunbeams and laughter in the meadows of joy,Zest,Instagram,#Zest #FieldsOfEnthusiasm,16.0,32.0,India
a compassionate rain tears of empathy falling gently nurturing the seeds of kindness in the garden of human connections,Compassionate,Facebook,#Compassionate #TearsOfEmpathy,21.0,42.0,Canada
proudly scaling the peaks of achievement a mountaineer conquering challenges and planting the flag of success,Proud,Twitter,#Proud #ScalingPeaks,23.0,46.0,USA
embraced by the hopeful dawn a gardener sowing seeds of optimism tending to the blooms of a brighter tomorrow,Hopeful,Instagram,#Hopeful #SeedsOfOptimism,14.0,28.0,UK
a playful escapade in the carnival of life carousel laughter and cotton candy dreams swirling in the joyous atmosphere,Playful,Facebook,#Playful #CarnivalEscapade,24.0,48.0,Australia
floating on clouds of inspiration an artist painting the sky with strokes of creativity creating a masterpiece of dreams,Inspired,Twitter,#Inspired #CloudsOfCreativity,18.0,36.0,India
navigating the river of contentment a serene boat cruise through the tranquil waters of inner peace and acceptance,Contentment,Instagram,#Contentment #TranquilWaters,20.0,40.0,Canada
with empathy as a lantern wandering through the dark alleys of sorrow illuminating the path with compassion and care,Empathetic,Facebook,#Empathetic #LanternOfCompassion,16.0,32.0,USA
a free spirit soaring on the wings of dreams leaving trails of independence in the azure sky of boundless possibilities,Free-spirited,Twitter,#FreeSpirit #WingsOfDreams,22.0,44.0,UK
bathed in the golden hues of gratefulness a sunset of appreciation casting its warm glow on the landscapes of the heart,Grateful,Instagram,#Grateful #GoldenHues,19.0,38.0,Australia
confident strides in the dance of life a ballroom where selfassuredness leads twirling through challenges with grace,Confident,Facebook,#Confident #DanceOfLife,23.0,46.0,Canada
hopeful whispers of wind carrying the promises of a brighter tomorrow a symphony of optimism in the air of possibilities,Hopeful,Twitter,#Hopeful #BrighterTomorrows,15.0,30.0,India
playfully juggling responsibilities a circus performer balancing the acts of work and joy tossing laughter into the air,Playful,Instagram,#Playful #JugglingResponsibilities,25.0,50.0,USA
whispering tales of inspiration to the stars a storyteller crafting constellations from the threads of imagination,Inspired,Facebook,#Inspired #TalesToTheStars,14.0,28.0,UK
charting a course through the waves of hopeful anticipation a sailor steering towards the shores of dreams yet unexplored,Hopeful,Twitter,#Hopeful #SailorOfDreams,17.0,34.0,Australia
a compassionate rain tears of empathy falling gently nurturing the seeds of kindness in the garden of human connections,Compassionate,Instagram,#Compassionate #TearsOfEmpathy,21.0,42.0,Canada
proudly scaling the peaks of achievement a mountaineer conquering challenges and planting the flag of success,Proud,Twitter,#Proud #ScalingPeaks,23.0,46.0,USA
embraced by the hopeful dawn a gardener sowing seeds of optimism tending to the blooms of a brighter tomorrow,Hopeful,Instagram,#Hopeful #SeedsOfOptimism,14.0,28.0,UK
a playful escapade in the carnival of life carousel laughter and cotton candy dreams swirling in the joyous atmosphere,Playful,Facebook,#Playful #CarnivalEscapade,24.0,48.0,Australia
floating on clouds of inspiration an artist painting the sky with strokes of creativity creating a masterpiece of dreams,Inspired,Twitter,#Inspired #CloudsOfCreativity,18.0,36.0,India
navigating the river of contentment a serene boat cruise through the tranquil waters of inner peace and acceptance,Contentment,Instagram,#Contentment #TranquilWaters,20.0,40.0,Canada
with empathy as a lantern wandering through the dark alleys of sorrow illuminating the path with compassion and care,Empathetic,Facebook,#Empathetic #LanternOfCompassion,16.0,32.0,USA
a free spirit soaring on the wings of dreams leaving trails of independence in the azure sky of boundless possibilities,Free-spirited,Twitter,#FreeSpirit #WingsOfDreams,22.0,44.0,UK
bathed in the golden hues of gratefulness a sunset of appreciation casting its warm glow on the landscapes of the heart,Grateful,Instagram,#Grateful #GoldenHues,19.0,38.0,Australia
confident strides in the dance of life a ballroom where selfassuredness leads twirling through challenges with grace,Confident,Facebook,#Confident #DanceOfLife,23.0,46.0,Canada
hopeful whispers of wind carrying the promises of a brighter tomorrow a symphony of optimism in the air of possibilities,Hopeful,Twitter,#Hopeful #BrighterTomorrows,15.0,30.0,India
playfully juggling responsibilities a circus performer balancing the acts of work and joy tossing laughter into the air,Playful,Instagram,#Playful #JugglingResponsibilities,25.0,50.0,USA
whispering tales of inspiration to the stars a storyteller crafting constellations from the threads of imagination,Inspired,Facebook,#Inspired #TalesToTheStars,14.0,28.0,UK
charting a course through the waves of hopeful anticipation a sailor steering towards the shores of dreams yet unexplored,Hopeful,Twitter,#Hopeful #SailorOfDreams,17.0,34.0,Australia
a compassionate rain tears of empathy falling gently nurturing the seeds of kindness in the garden of human connections,Compassionate,Instagram,#Compassionate #TearsOfEmpathy,21.0,42.0,Canada
proudly scaling the peaks of achievement a mountaineer conquering challenges and planting the flag of success,Proud,Twitter,#Proud #ScalingPeaks,23.0,46.0,USA
embraced by the hopeful dawn a gardener sowing seeds of optimism tending to the blooms of a brighter tomorrow,Hopeful,Instagram,#Hopeful #SeedsOfOptimism,14.0,28.0,India
a playful escapade in the carnival of life carousel laughter and cotton candy dreams swirling in the joyous atmosphere,Playful,Facebook,#Playful #CarnivalEscapade,24.0,48.0,Australia
drowning in the abyss of despair a heart shattered into fragments lost in the echoing silence of hopelessness,Despair,Instagram,#Despair #EchoingSilence,8.0,16.0,Canada
bitterness festering like a venomous vine entwining the soul in a web of resentment poisoning the garden of peace,Bitterness,Facebook,#Bitterness #ResentmentWeb,12.0,24.0,UK
wandering through the desert of loneliness each step a heavy sigh mirages of connection shimmering but never materializing,Loneliness,Twitter,#Loneliness #MiragesOfConnection,15.0,30.0,USA
yearning for a touch thats not there echoes of a distant warmth haunting the heart in the cold embrace of solitude,Yearning,Instagram,#Yearning #DistantWarmth,10.0,20.0,Australia
eyes wide open in the night fearful shadows dancing on the walls the mind a prisoner of imagined horrors,Fearful,Facebook,#Fearful #ImaginedHorrors,18.0,36.0,India
apprehensive steps on the tightrope of uncertainty a balancing act where the fall seems inevitable anxiety a constant companion,Apprehensive,Twitter,#Apprehensive #BalancingAct,14.0,28.0,UK
overwhelmed by the weight of the world atlas with trembling shoulders each responsibility a boulder in the landscape of exhaustion,Overwhelmed,Instagram,#Overwhelmed #BouldersOfExhaustion,22.0,44.0,Canada
jealousy a greeneyed monster lurking in the shadows casting a dark cloud over the sunshine of others success,Jealous,Facebook,#Jealous #GreenEyedMonster,16.0,32.0,USA
devastated by the storm of betrayal the wreckage of trust scattered like debris a heart torn by the winds of broken promises,Devastated,Twitter,#Devastated #WindsOfBrokenPromises,25.0,50.0,Australia
frustrated fingers tapping on the keyboard a symphony of annoyance composing an unsolvable puzzle of unmet expectations,Frustrated,Instagram,#Frustrated #UnsolvablePuzzle,12.0,24.0,India
envious eyes fixated on the gilded prize a heartache fueled by the painful desire for possessions that seem forever out of reach,Envious,Facebook,#Envious #GildedPrize,20.0,40.0,USA
dismissive glances a fortress built with indifference walls impenetrable to the pleas of understanding and recognition,Dismissive,Twitter,#Dismissive #ImpenetrableWalls,14.0,28.0,UK
shattered dreams lie on the floor like fragments of glass a mosaic of disappointment crafted by the hands of frustration,Frustrated,Instagram,#Frustrated #MosaicOfDisappointment,15.0,30.0,Canada
loneliness a silent companion in the night the only echo in the chamber of solitude a hearts solitary nocturne,Loneliness,Facebook,#Loneliness #SolitaryNocturne,18.0,36.0,Australia
fearful whispers in the dark the mind haunted by the specter of the unknown shadows dancing to the rhythm of anxietys tune,Fearful,Twitter,#Fearful #SpecterOfTheUnknown,13.0,26.0,UK
bitterness a bitter aftertaste lingering on the tongue each word a reminder of wounds that refuse to heal with the passing of time,Bitterness,Instagram,#Bitterness #BitterAftertaste,10.0,20.0,India
overwhelmed by the cacophony of expectations a drowning soul in the tempest of pressure struggling to stay afloat,Overwhelmed,Facebook,#Overwhelmed #DrowningSoul,20.0,40.0,USA
jealousy a venom that seeps through the veins poisoning the heart and turning it into a breeding ground for discontent,Jealous,Twitter,#Jealous #HeartOfDiscontent,16.0,32.0,Australia
devastated by the revelation of betrayal the trust shattered like fragile glass leaving shards of pain in its wake,Devastated,Instagram,#Devastated #ShatteredTrust,25.0,50.0,Canada
frustrated attempts to mend a broken connection the threads of understanding slipping through the fingers like grains of sand,Frustrated,Facebook,#Frustrated #SlippingThreads,14.0,28.0,UK
envious gazes cast upon the podium of success a bitter pill swallowed the taste lingering as a constant reminder of unattained heights,Envious,Twitter,#Envious #BitterPill,20.0,40.0,USA
dismissive gestures a curtain drawn to shield the vulnerability a stage where emotions take a backseat to the performance of indifference,Dismissive,Instagram,#Dismissive #IndifferencePerformance,12.0,24.0,Australia
despair like a heavy fog enveloping every thought blurring the path ahead a journey in the labyrinth of utter hopelessness,Despair,Facebook,#Despair #LabyrinthOfHopelessness,8.0,16.0,Canada
bitterness a bitter chill in the air freezing moments into icicles of resentment that dangle precariously over the landscape of memory,Bitterness,Twitter,#Bitterness #IciclesOfResentment,15.0,30.0,UK
loneliness a solitary moon in a starless sky casting a cold glow on the landscape of isolation where echoes bounce in empty spaces,Loneliness,Instagram,#Loneliness #StarlessSky,18.0,36.0,USA
yearning for the warmth of a vanished sun a heartache painted in the hues of a sunset that never graced the horizon,Yearning,Facebook,#Yearning #HuesOfSunset,10.0,20.0,Australia
fearful eyes scanning the shadows a prisoner of the night terrorized by the lurking monsters born from the minds darkest corners,Fearful,Twitter,#Fearful #LurkingMonsters,18.0,36.0,India
apprehensive whispers in the wind a forecast of uncertainty the minds weather vane spinning wildly in the storm of doubt,Apprehensive,Instagram,#Apprehensive #StormOfDoubt,14.0,28.0,Canada
overwhelmed by the maze of expectations a minotaur of pressure lurking in the labyrinth waiting to devour the spirit of resilience,Overwhelmed,Facebook,#Overwhelmed #MinotaurOfPressure,22.0,44.0,USA
jealousy a festering wound the pain intensifying with each glance at the garden of others achievements blooming beyond the fence,Jealous,Twitter,#Jealous #BloomingAchievements,16.0,32.0,UK
devastated a heart in ruins the echoes of shattered dreams reverberating in the chambers a requiem for what once was whole,Devastated,Instagram,#Devastated #EchoesOfShatteredDreams,25.0,50.0,Australia
frustrated attempts to untangle the knot of confusion the threads of understanding slipping further into the labyrinth of miscommunication,Frustrated,Facebook,#Frustrated #LabyrinthOfMiscommunication,14.0,28.0,India
envious eyes locked on the treasure chest of opportunities a heartache fueled by the desire for keys that seem forever elusive,Envious,Twitter,#Envious #DesireForKeys,20.0,40.0,USA
dismissive gestures a curtain drawn to shield the vulnerability a stage where emotions take a backseat to the performance of indifference,Dismissive,Instagram,#Dismissive #IndifferencePerformance,12.0,24.0,Australia
shattered dreams lie on the floor like fragments of glass a mosaic of disappointment crafted by the hands of frustration,Frustrated,Twitter,#Frustrated #MosaicOfDisappointment,15.0,30.0,Canada
loneliness a silent companion in the night the only echo in the chamber of solitude a hearts solitary nocturne,Loneliness,Facebook,#Loneliness #SolitaryNocturne,18.0,36.0,Australia
awestruck by the breathtaking sunrise over the mountains,Awe,Instagram,#Awe #BreathtakingSunrise,28.0,55.0,USA
navigating through the challenges with determination,Determination,Twitter,#Determination #Challenges,15.0,30.0,Canada
nostalgia hits while flipping through an old photo album,Nostalgia,Facebook,#Nostalgia #OldMemories,22.0,45.0,UK
thrilled to witness the grandeur of a cultural festival,Thrill,Instagram,#Thrill #CulturalCelebration,40.0,80.0,India
calmness found in the rhythm of raindrops on the windowpane,Calmness,Twitter,#Calmness #RainyDays,18.0,35.0,Australia
overwhelmed by the support received during a personal challenge,Overwhelmed,Facebook,#Overwhelmed #SupportiveCommunity,25.0,50.0,USA
excitement builds as the countdown to a longawaited vacation begins,Excitement,Instagram,#Excitement #VacationCountdown,30.0,60.0,France
reflecting on lifes journey grateful for the lessons learned,Gratitude,Twitter,#Gratitude #LifeLessons,35.0,70.0,Brazil
bittersweet emotions arise while bidding farewell to a dear friend,Bittersweet,Instagram,#Bittersweet #Farewell,20.0,40.0,Japan
curiosity sparked by exploring a mysterious ancient ruin,Curiosity,Facebook,#Curiosity #AncientDiscovery,18.0,35.0,Greece
admiration for the intricate details of a handcrafted masterpiece,Admiration,Instagram,#Admiration #HandcraftedArt,25.0,50.0,USA
overjoyed by the warmth of a cozy fireplace on a winter evening,Overjoyed,Twitter,#Overjoyed #WinterWarmth,18.0,35.0,Canada
inspiration strikes while observing the colors of a vibrant sunset,Inspiration,Instagram,#Inspiration #ColorfulSunset,30.0,60.0,UK
motivated to achieve fitness goals after an invigorating workout,Motivation,Facebook,#Motivation #FitnessGoals,40.0,80.0,Australia
gratitude for the simple joys found in a cup of morning coffee,Gratitude,Twitter,#Gratitude #MorningCoffee,22.0,45.0,India
feeling empowered after conquering a challenging hiking trail,Empowerment,Instagram,#Empowerment #HikingAdventure,35.0,70.0,USA
amused by the antics of playful kittens during playtime,Amusement,Facebook,#Amusement #PlayfulKittens,15.0,30.0,Canada
contemplating lifes mysteries under the starry night sky,Contemplation,Twitter,#Contemplation #StarryNight,28.0,55.0,UK
joyful reunion with longlost friends after years of separation,JoyfulReunion,Instagram,#JoyfulReunion #Friendship,20.0,40.0,India
excitement builds while preparing for a surprise celebration,Excitement,Facebook,#Excitement #SurpriseCelebration,30.0,60.0,Australia
satisfaction derived from successfully completing a diy project,Satisfaction,Twitter,#Satisfaction #DIYProject,25.0,50.0,USA
feeling blessed for the supportive community in times of need,Blessed,Instagram,#Blessed #SupportiveCommunity,18.0,35.0,UK
captivated by the serenity of a tranquil garden in full bloom,Serenity,Facebook,#Serenity #TranquilGarden,22.0,45.0,Canada
anticipation for an upcoming adventure in an exotic destination,Anticipation,Twitter,#Anticipation #AdventureAwaits,40.0,80.0,India
reflecting on personal growth achieved through life experiences,Reflection,Instagram,#Reflection #PersonalGrowth,35.0,70.0,USA
nostalgic memories flood in while revisiting childhood favorites,Nostalgia,Facebook,#Nostalgia #ChildhoodFavorites,20.0,40.0,Australia
appreciation for the vibrant culture experienced during travel,Appreciation,Twitter,#Appreciation #CulturalExperience,28.0,55.0,UK
confidence soars after overcoming public speaking anxiety,Confidence,Instagram,#Confidence #OvercomingAnxiety,15.0,30.0,USA
contentment in the midst of a family gathering filled with laughter,Contentment,Facebook,#Contentment #FamilyLaughter,25.0,50.0,Canada
enthusiasm for learning new skills and expanding knowledge,Enthusiasm,Twitter,#Enthusiasm #SkillBuilding,30.0,60.0,India
surprise and delight at discovering a hidden gem in the city,Surprise,Instagram,#Surprise #HiddenGem,18.0,35.0,UK
a sense of accomplishment after completing a challenging workout,Accomplishment,Facebook,#Accomplishment #FitnessSuccess,22.0,45.0,Australia
wonderment at the beauty of a double rainbow after the rain,Wonderment,Twitter,#Wonderment #DoubleRainbow,35.0,70.0,USA
optimism for a bright future amidst challenging times,Optimism,Instagram,#Optimism #BrightFuture,20.0,40.0,Canada
pride in achieving a personal milestone in career progression,Pride,Facebook,#Pride #CareerMilestone,28.0,55.0,UK
happiness blooms like flowers in a garden on a sunny day,Happiness,Twitter,#Happiness #SunnyDay,15.0,30.0,India
elation over discovering a rare book in a quaint bookstore,Elation,Instagram,#Elation #RareBookDiscovery,40.0,80.0,USA
curiosity piqued by the mysteries of an ancient archaeological site,Curiosity,Facebook,#Curiosity #AncientMysteries,18.0,35.0,Australia
mesmerized by the cosmic dance of fireflies on a moonlit night,Enchantment,Instagram,#Enchantment #CosmicFireflies,25.0,50.0,Brazil
intrigued by the symphony of colors in an abstract art exhibition,Intrigue,Twitter,#Intrigue #AbstractArt,18.0,35.0,France
giggles and joy echo in the air during a childrens playdate,PlayfulJoy,Facebook,#PlayfulJoy #ChildrensPlaydate,22.0,45.0,Japan
enveloped in serenity while practicing mindfulness by the lake,Mindfulness,Instagram,#Mindfulness #LakeTranquility,35.0,70.0,Canada
chasing dreams like a kite soaring high in the vast open sky,DreamChaser,Twitter,#DreamChaser #SkyHighDreams,30.0,60.0,Australia
spellbound by the elegance of a ballroom dance under crystal chandeliers,Elegance,Facebook,#Elegance #BallroomDance,28.0,55.0,UK
whimsical delight in a world of fairy tales and magical creatures,Whimsy,Instagram,#Whimsy #MagicalWorld,20.0,40.0,USA
pensive contemplation amid the ancient ruins of a forgotten civilization,Pensive,Twitter,#Pensive #AncientCivilization,18.0,35.0,Greece
embracing the thrill of speed on a rollercoasters exhilarating twists,Thrill,Facebook,#Thrill #RollercoasterAdventure,22.0,45.0,Germany
harmony resonates as musicians play a melody of unity and togetherness,Harmony,Instagram,#Harmony #MusicalUnity,35.0,70.0,Sweden
a burst of creativity in the quiet solitude of an artists studio,Creativity,Twitter,#Creativity #ArtistsHaven,15.0,30.0,Italy
radiant joy akin to blooming flowers on a sunkissed spring morning,Radiance,Facebook,#Radiance #SpringBlooms,25.0,50.0,Netherlands
a sense of wonder at the vastness of the cosmos on a stargazing night,Wonder,Instagram,#Wonder #StargazingAdventure,40.0,80.0,South Africa
rejuvenated by the salty breeze and the sound of waves at the seaside,Rejuvenation,Twitter,#Rejuvenation #SeasideEscape,18.0,35.0,Spain
whispers of inspiration from the rustling leaves in a serene forest,Inspiration,Facebook,#Inspiration #ForestWhispers,28.0,55.0,Portugal
savoring the warmth of a cup of cocoa on a chilly winter evening,Coziness,Instagram,#Coziness #WarmWinterEvening,30.0,60.0,Switzerland
heartfelt gratitude for the laughter shared during a family reunion,Gratitude,Facebook,#Gratitude #FamilyLaughter,22.0,45.0,Austria
embarking on a culinary adventure savoring exotic flavors around the world,Adventure,Twitter,#Adventure #CulinaryJourney,35.0,70.0,Belgium
euphoria floods in as the final puzzle piece clicks into place,Euphoria,Instagram,#Euphoria #PuzzleCompletion,20.0,40.0,Denmark
aweinspired by the grandeur of an ancient cathedrals intricate architecture,Awe,Facebook,#Awe #ArchitecturalGrandeur,18.0,35.0,Czech Republic
captivated by the ethereal beauty of a field filled with fireflies,Enchantment,Instagram,#Enchantment #FireflyField,25.0,50.0,Brazil
immersed in the enchanting melodies of a street musicians violin,Melodic,Twitter,#Melodic #StreetMusic,18.0,35.0,France
joyful laughter resonates through a lively summer carnival,FestiveJoy,Facebook,#FestiveJoy #SummerCarnival,22.0,45.0,Japan
exploring the universe within during a mindful meditation session,InnerJourney,Instagram,#InnerJourney #MeditationBliss,35.0,70.0,Canada
soaring like a free spirit on the winds of a coastal cliff,Freedom,Twitter,#Freedom #CoastalAdventure,30.0,60.0,Australia
dazzled by the elegance of a masquerade balls dazzling costumes,Dazzle,Facebook,#Dazzle #MasqueradeElegance,28.0,55.0,UK
whimsical delight in a world of whimsical fairy tales,Whimsy,Instagram,#Whimsy #FairyTaleMagic,20.0,40.0,USA
reflective contemplation amid the ruins of a forgotten era,Reflection,Twitter,#Reflection #ForgottenEra,18.0,35.0,Greece
riding the adrenaline rush on a rollercoasters wild twists,Adrenaline,Facebook,#Adrenaline #RollercoasterThrills,22.0,45.0,Germany
harmony resonates as musicians play a symphony of unity,Harmony,Instagram,#Harmony #MusicalUnity,35.0,70.0,Sweden
a burst of artistic creativity in the quietude of an artists studio,ArtisticBurst,Twitter,#ArtisticBurst #StudioCreativity,15.0,30.0,Italy
radiant joy akin to blossoming flowers on a sunlit spring morning,Radiance,Facebook,#Radiance #SpringBlooms,25.0,50.0,Netherlands
aweinspired by the vastness of the cosmos on a stargazing night,Wonder,Instagram,#Wonder #StargazingAdventure,40.0,80.0,South Africa
rejuvenated by the salty breeze and the sound of waves at the seaside,Rejuvenation,Twitter,#Rejuvenation #SeasideEscape,18.0,35.0,Spain
whispers of inspiration from the rustling leaves in a serene forest,Inspiration,Facebook,#Inspiration #ForestWhispers,28.0,55.0,Portugal
savoring the warmth of a cup of cocoa on a chilly winter evening,Coziness,Instagram,#Coziness #WarmWinterEvening,30.0,60.0,Switzerland
heartfelt gratitude for the laughter shared during a family reunion,Gratitude,Facebook,#Gratitude #FamilyLaughter,22.0,45.0,Austria
embarking on a culinary odyssey savoring flavors around the world,CulinaryOdyssey,Twitter,#CulinaryOdyssey #FlavorsAroundTheWorld,35.0,70.0,Belgium
euphoria floods in as the final puzzle piece fits perfectly,Euphoria,Instagram,#Euphoria #PerfectPuzzle,20.0,40.0,Denmark
awestruck by the grandeur of an ancient cathedrals intricate architecture,Awe,Facebook,#Awe #ArchitecturalGrandeur,18.0,35.0,Czech Republic
curiosity awakened by the mysteries of an ancient archaeological site,Curiosity,Instagram,#Curiosity #AncientMysteries,18.0,35.0,Australia
giddy with excitement as the first snowflakes dance from the sky,Excitement,Twitter,#Excitement #SnowfallMagic,22.0,45.0,Canada
contentment envelops as the aroma of freshly baked bread fills the air,Contentment,Instagram,#Contentment #FreshBreadAroma,28.0,55.0,France
inspired by the resilience of a lone tree standing tall in a storm,Resilience,Facebook,#Resilience #StandingTall,35.0,70.0,USA
lost in the pages of a captivating novel transported to another world,Immersion,Twitter,#Immersion #CaptivatingNovel,20.0,40.0,UK
drenched in nostalgia while flipping through an old family photo album,Nostalgia,Instagram,#Nostalgia #FamilyPhotoAlbum,25.0,50.0,India
spark of inspiration ignites like a shooting star in the night sky,Spark,Facebook,#Spark #InspirationIgnited,30.0,60.0,Australia
imbued with gratitude for the simple pleasure of a warm cup of tea,Gratitude,Twitter,#Gratitude #WarmTea,18.0,35.0,Japan
marveling at the kaleidoscope of colors in a vibrant street market,Marvel,Instagram,#Marvel #ColorfulStreetMarket,22.0,45.0,Brazil
awash with serenity as the sun sets over a tranquil lakeside retreat,Serenity,Facebook,#Serenity #TranquilSunset,28.0,55.0,Germany
drowning in sorrow as memories of lost love resurface,Heartbreak,Instagram,#Heartbreak #LostLove,15.0,30.0,USA
numbness sets in as the weight of loneliness grows heavier,Loneliness,Twitter,#Loneliness #HeavyHeart,18.0,35.0,Canada
tears fall like raindrops mourning the end of a cherished friendship,Grief,Facebook,#Grief #LostFriendship,22.0,45.0,UK
despair clouds the mind feeling adrift in an endless sea of darkness,Despair,Instagram,#Despair #EndlessDarkness,28.0,55.0,Australia
shattered by betrayal trust crumbles like fragile glass,Betrayal,Twitter,#Betrayal #ShatteredTrust,22.0,45.0,Germany
aching heart the symphony of pain plays in the silence of solitude,Suffering,Facebook,#Suffering #HeartacheSymphony,25.0,50.0,Brazil
emotional storm a whirlwind of sadness engulfs every thought,EmotionalStorm,Instagram,#EmotionalStorm #SadnessWhirlwind,30.0,60.0,India
haunted by regrets the ghost of the past lingers relentlessly,Regret,Twitter,#Regret #HauntedPast,18.0,35.0,France
torn apart by grief the echoes of loss reverberate through the soul,Grief,Facebook,#Grief #TornApart,28.0,55.0,Italy
isolation deepens an emotional winter where warmth is but a distant memory,Isolation,Instagram,#Isolation #EmotionalWinter,35.0,70.0,Japan
soulcrushing disappointment hopes shattered like fragile glass,Disappointment,Twitter,#Disappointment #CrushedHopes,20.0,40.0,Spain
painful echoes of a love once cherished now lost in the abyss of time,LostLove,Facebook,#LostLove #PainfulEchoes,22.0,45.0,Netherlands
heartache deepens a solitary journey through the abyss of despair,Despair,Instagram,#Despair #AbyssOfHeartache,40.0,80.0,South Africa
melancholy lingers a bittersweet serenade in the quietude of solitude,Melancholy,Twitter,#Melancholy #QuietSerenade,18.0,35.0,UK
bitterness like a poison seeping into every crevice of the wounded heart,Bitterness,Facebook,#Bitterness #WoundedHeart,25.0,50.0,Australia
emotional exhaustion the weight of the world crushing weary shoulders,Exhaustion,Instagram,#Exhaustion #CrushedSpirit,35.0,70.0,Canada
sorrowful echoes a symphony of pain played by the strings of loss,Sorrow,Twitter,#Sorrow #SymphonyOfLoss,18.0,35.0,Germany
darkness descends engulfing the soul in the shadows of despair,Darkness,Facebook,#Darkness #SoulEngulfed,28.0,55.0,USA
desperation whispers the silent plea for a glimmer of hope in the abyss,Desperation,Instagram,#Desperation #GlimmerOfHope,22.0,45.0,France
heart in ruins the remnants of shattered dreams scattered in the wind,Ruins,Twitter,#Ruins #ShatteredDreams,20.0,40.0,Brazil
shattered by the echoes of a shattered dream fragments of hope scattered,Desolation,Twitter,#Desolation #ScatteredHope,20.0,40.0,Australia
avoiding the thorns of regret walking barefoot on the path of remorse,Regret,Instagram,#Regret #PathOfRemorse,25.0,50.0,Canada
in the labyrinth of grief the walls echo with the footsteps of lost joy,Grief,Facebook,#Grief #LostJoyFootsteps,18.0,35.0,USA
a soul adrift in the sea of solitude waves of loneliness crashing relentlessly,Loneliness,Twitter,#Loneliness #CrashingWaves,22.0,45.0,UK
the bitterness of betrayal a taste that lingers staining the palate of trust,Bitterness,Instagram,#Bitterness #StainedTrust,15.0,30.0,Germany
in the ruins of hope echoes of shattered dreams whisper tales of loss,Desolation,Facebook,#Desolation #WhisperedLoss,28.0,55.0,Brazil
sinking like a stone in the ocean of heartbreak each ripple a sigh of despair,Heartbreak,Twitter,#Heartbreak #RippleOfDespair,22.0,45.0,France
tears the ink staining the pages of a journal a testament to silent grief,Grief,Instagram,#Grief #SilentTears,30.0,60.0,India
in the wasteland of lost trust the echoes of broken promises reverberate,Betrayal,Facebook,#Betrayal #ReverberatingPromises,25.0,50.0,Italy
avoiding the shards of shattered dreams walking the tightrope of resilience,Resilience,Twitter,#Resilience #TightropeWalk,35.0,70.0,Japan
suffocating in the silence of solitude where echoes of laughter once thrived,Isolation,Instagram,#Isolation #SilentSolitude,30.0,60.0,South Africa
haunted by the specter of lost possibilities a ghost that refuses to fade away,Regret,Twitter,#Regret #FadingPossibilities,18.0,35.0,Spain
in the labyrinth of despair the echoes of a broken heart reverberate endlessly,Despair,Facebook,#Despair #EndlessReverberation,28.0,55.0,Australia
sinking like autumn leaves in the river of sorrow carried away by the current,Sorrow,Instagram,#Sorrow #AutumnLeaves,22.0,45.0,Canada
in the garden of broken dreams petals fall a silent testimony to shattered hopes,Desolation,Twitter,#Desolation #ShatteredHopes,20.0,40.0,UK
tears the currency of grief spent in the marketplace of lost love and longing,Grief,Facebook,#Grief #LostLoveLonging,25.0,50.0,USA
wandering in the maze of betrayal the walls closing in with every wrong turn,Betrayal,Instagram,#Betrayal #ClosingWalls,15.0,30.0,Germany
a soul weathered by the storm of heartbreak seeking refuge in the calm after,Heartbreak,Twitter,#Heartbreak #CalmAfterStorm,22.0,45.0,Brazil
in the tapestry of despair threads of hope unravel leaving a portrait of sorrow,Despair,Facebook,#Despair #UnraveledHope,18.0,35.0,India
like a withered rose in the garden of love petals fall a silent surrender to time,Loss,Instagram,#Loss #SilentSurrender,28.0,55.0,France
in the void of heartache echoes of a love song play each note a pang of longing,Heartache,Instagram,#Heartache #LoveSongLonging,30.0,60.0,Japan
nostalgia a bittersweet dance in the moonlit ballroom of cherished memories,Nostalgia,Twitter,#Nostalgia #CherishedMemories,18.0,35.0,Italy
in the symphony of grief each tear is a note composing a melancholic melody,Grief,Facebook,#Grief #MelancholicMelody,22.0,45.0,Germany
betrayal a venomous serpent slithering through the garden of trust poisoning roots,Betrayal,Instagram,#Betrayal #PoisonedTrust,25.0,50.0,Canada
sinking in the quicksand of despair the harder you fight the deeper you descend,Despair,Twitter,#Despair #DeepDescent,20.0,40.0,USA
wandering through the cemetery of lost dreams tombstones marking untold sorrows,Desolation,Facebook,#Desolation #UntoldSorrows,28.0,55.0,France
swept away by the river of regret the currents of the past refusing to release,Regret,Instagram,#Regret #PastCurrents,18.0,35.0,UK
whispers of lost love linger in the attic of the heart forgotten but not erased,Loss,Twitter,#Loss #ForgottenLove,22.0,45.0,Australia
in the gallery of broken promises each shattered vow framed a painful exhibition,Betrayal,Facebook,#Betrayal #ShatteredVows,15.0,30.0,Brazil
the echoes of solitude a silent conversation between a soul and its shadows,Solitude,Instagram,#Solitude #ShadowConversation,30.0,60.0,Spain
dancing on sunshine each step a celebration of the joy found in simple moments,Joy,Instagram,#Joy #SimpleMoments,40.0,80.0,USA
laughter echoes in the air a chorus of happiness that lifts the spirit higher,Happiness,Twitter,#Happiness #SpiritLifter,35.0,70.0,Canada
in the garden of contentment each bloom whispers tales of inner peace and joy,Contentment,Facebook,#Contentment #InnerPeace,25.0,50.0,UK
chasing dreams under the vibrant sky a journey fueled by hope and enthusiasm,Enthusiasm,Instagram,#Enthusiasm #HopefulJourney,30.0,60.0,Australia
serenading the stars with a heart full of gratitude a melody of thankfulness,Gratitude,Twitter,#Gratitude #ThankfulMelody,22.0,45.0,India
basking in the glow of accomplishment each milestone a stepping stone to happiness,Accomplishment,Facebook,#Accomplishment #HappinessMilestone,28.0,55.0,Germany
in the dance of positivity every step is a rhythm uplifting the soul in harmony,Positivity,Instagram,#Positivity #SoulUpliftment,18.0,35.0,France
overflowing with joy a cup of laughter shared with friends a moment cherished,Joy,Twitter,#Joy #CherishedMoment,20.0,40.0,Japan
draped in the warmth of kindness a quilt of compassion stitched with love,Kindness,Facebook,#Kindness #LoveStitches,25.0,50.0,Brazil
in the garden of friendships each bloom a testament to the beauty of camaraderie,Friendship,Instagram,#Friendship #CamaraderieBlooms,30.0,60.0,South Africa
in the embrace of love each heartbeat is a melody dancing to the rhythm of affection,Love,Twitter,#Love #RhythmOfAffection,35.0,70.0,USA
surrounded by the colors of joy a canvas painted with laughter and endless smiles,Joy,Instagram,#Joy #EndlessSmiles,40.0,80.0,Canada
in the symphony of excitement each note is a burst of energy igniting the soul with fervor,Excitement,Facebook,#Excitement #IgnitedSoul,30.0,60.0,UK
a surprise gift wrapped in anticipation unfolds a moment of delight and wonder,Surprise,Twitter,#Surprise #WonderfulMoment,25.0,50.0,Australia
lost in the maze of curiosity each twist and turn unveils the treasures of discovery,Curiosity,Instagram,#Curiosity #TreasuresOfDiscovery,22.0,45.0,India
floating on clouds of gratitude each raindrop a blessing a shower of thankfulness,Gratitude,Facebook,#Gratitude #ShowerOfThankfulness,28.0,55.0,Germany
like a comet of inspiration streaking through the sky of creativity leaving trails of brilliance,Inspiration,Twitter,#Inspiration #BrilliantTrails,18.0,35.0,France
in the celebration of success fireworks of accomplishment light up the night sky of triumph,Success,Instagram,#Success #NightSkyTriumph,22.0,45.0,Japan
a symphony of laughter each note a key to unlocking the door of boundless happiness,Happiness,Facebook,#Happiness #BoundlessLaughter,30.0,60.0,Brazil
in the carnival of emotions the rollercoaster of thrill sends the heart on a wild ride,Thrill,Instagram,#Thrill #WildHeartRide,35.0,70.0,South Africa
standing before the grandeur of the eiffel tower a moment to reflect on the beauty of parisian dreams,Reflection,Twitter,#Reflection #ParisianDreams,28.0,55.0,France
lost in the enchantment of disneyland each ride a journey into the realm of childhood fantasies,Enchantment,Instagram,#Enchantment #ChildhoodFantasies,30.0,60.0,USA
exploring the wonders of ferrari world the roar of engines creating a symphony of speed,Excitement,Facebook,#Excitement #SymphonyOfSpeed,22.0,45.0,Italy
amidst the tulip fields of keukenhof a tapestry of colors that paints the soul with springtime joy,Joy,Instagram,#Joy #SpringtimeColors,35.0,70.0,Netherlands
wandering through the historical streets of kyoto each step a journey into the heart of japans traditions,Exploration,Twitter,#Exploration #JapaneseTraditions,18.0,35.0,Japan
in the embrace of the grand canyon natures masterpiece a moment to marvel at earths grandeur,Awe,Instagram,#Awe #EarthsGrandeur,25.0,50.0,USA
journeying through the serenity of santorini where each sunset paints the sky with hues of tranquility,Serenity,Facebook,#Serenity #SunsetHues,22.0,45.0,Greece
amazed by the architectural marvels of petra each stone telling tales of an ancient civilization,Amazement,Twitter,#Amazement #AncientTales,30.0,60.0,Jordan
embarking on a gondola ride in venice each canal reflecting the romance of this timeless city,Romance,Instagram,#Romance #TimelessCity,20.0,40.0,Italy
at the summit of machu picchu a breathtaking panorama that whispers the secrets of ancient civilizations,Awe,Facebook,#Awe #AncientCivilizations,28.0,55.0,Peru
in the heart of new york city times square dazzles with lights a vibrant spectacle of urban energy,Excitement,Instagram,#Excitement #UrbanEnergy,35.0,70.0,USA
captivated by the historical charm of the colosseum each stone echoing tales of gladiator valor,Captivation,Twitter,#Captivation #GladiatorTales,25.0,50.0,Italy
sailing the azure waters of the maldives each wave a whisper of serenity in paradise,Serenity,Facebook,#Serenity #ParadiseWhispers,22.0,45.0,Maldives
in the midst of the amazon rainforest a symphony of wildlife creates an orchestra of natures wonders,Wonder,Instagram,#Wonder #NatureOrchestra,30.0,60.0,Brazil
walking the great wall of china each step a testament to ancient engineering marvels,Awe,Twitter,#Awe #EngineeringMarvels,18.0,35.0,China
at the summit of mount fuji a breathtaking sunrise that paints the sky with hues of accomplishment,Accomplishment,Facebook,#Accomplishment #SunriseHues,28.0,55.0,Japan
exploring the ancient ruins of angkor wat each stone whispering stories of khmer civilization,Exploration,Instagram,#Exploration #KhmerStories,20.0,40.0,Cambodia
skiing down the slopes of the swiss alps each turn a dance with the majesty of snowcapped peaks,Adventure,Twitter,#Adventure #SnowPeakDance,22.0,45.0,Switzerland
in the tranquility of kyotos bamboo forest whispers of ancient zen wisdom echo through the groves,Tranquility,Facebook,#Tranquility #ZenWisdom,25.0,50.0,Japan
cruising the fjords of norway each icy landscape a breathtaking masterpiece of natures grandeur,Grandeur,Instagram,#Grandeur #IcyMasterpiece,22.0,45.0,Norway
at the front row of adeles concert each note of someone like you resonates with soulstirring emotion,Emotion,Instagram,#Emotion #AdeleConcert,40.0,80.0,USA
dancing under the stars at beyoncés live show feeling the power of single ladies in every move,Energy,Twitter,#Energy #BeyonceConcert,35.0,70.0,USA
in the crowd of a taylor swift concert the lyrics of love story create an enchanting fairy tale,Enchantment,Facebook,#Enchantment #TaylorSwift,30.0,60.0,USA
rocking out to the guitar solos at a queen tribute concert a journey back in time with freddies spirit,Nostalgia,Instagram,#Nostalgia #QueenTribute,22.0,45.0,UK
swaying to ed sheerans acoustic melodies a serene evening filled with perfect moments,Serenity,Twitter,#Serenity #EdSheeranConcert,18.0,35.0,UK
immersed in the pulsating beats of a bruno mars concert where uptown funk becomes a city of joy,Joy,Facebook,#Joy #BrunoMars,28.0,55.0,USA
at a michael jackson tribute show moonwalking through the hits a celebration of the king of pop,Celebration,Instagram,#Celebration #MJTribute,25.0,50.0,USA
swinging to the rhythms of a frank sinatra tribute feeling the timeless charm of fly me to the moon,Charm,Twitter,#Charm #SinatraTribute,22.0,45.0,USA
in the mosh pit of a metallica concert the thunderous chords create a symphony of headbanging ecstasy,Ecstasy,Facebook,#Ecstasy #MetallicaConcert,35.0,70.0,USA
experiencing the magic of a coldplay concert where fix you becomes a beacon of hope in the night,Hope,Instagram,#Hope #ColdplayMagic,30.0,60.0,UK
at a justin bieber concert the infectious beats of baby create a dance floor of unbridled enthusiasm,Enthusiasm,Instagram,#Enthusiasm #JustinBieber,40.0,80.0,Canada
in the spotlight at a lady gaga show each costume change is a metamorphosis of creativity and artistry,Creativity,Twitter,#Creativity #LadyGaga,35.0,70.0,USA
immersed in the soulful melodies of adele tears flow freely moved by the emotion of hello,Emotion,Facebook,#Emotion #AdeleMelodies,30.0,60.0,UK
drenched in confetti at a katy perry concert a kaleidoscope of colors igniting the night sky,Colorful,Instagram,#Colorful #KatyPerry,22.0,45.0,USA
in the audience of a jayz performance the lyrics of empire state of mind become an anthem of pride,Pride,Twitter,#Pride #JayZAnthem,18.0,35.0,USA
dancing to shakiras rhythmic beats hips swaying to the hypnotic charm of hips dont lie,Hypnotic,Facebook,#Hypnotic #ShakiraRhythms,28.0,55.0,Colombia
at a u2 concert the anthemic chords of with or without you create a timeless moment of connection,Connection,Instagram,#Connection #U2Anthem,25.0,50.0,Ireland
rocking out at a guns n roses show the iconic riffs of sweet child o mine echoing in the night,Iconic,Twitter,#Iconic #GNRConcert,22.0,45.0,USA
in the crowd of an ariana grande concert the high notes of into you create a euphoric symphony,Euphoria,Facebook,#Euphoria #ArianaGrande,35.0,70.0,USA
swaying to the reggae vibes of bob marleys tribute concert each chord a journey to jamaicas soul,Journey,Instagram,#Journey #BobMarleyTribute,30.0,60.0,Jamaica
captivated by the spellbinding plot twists the audience applauds experiencing a rollercoaster of emotions at the movie premiere,Excitement,Twitter,#Excitement #MoviePremiereThrills,40.0,80.0,USA
as the credits roll a profound sense of nostalgia washes over reminiscent of cherished moments in classic films,Nostalgia,Instagram,#Nostalgia #ClassicFilmMoments,35.0,70.0,UK
streaming the latest web series the viewer is engrossed in the characters journey feeling a sense of connection and empathy,Engagement,Facebook,#Engagement #WebSeriesJourney,30.0,60.0,Canada
at the film festival the indie filmmakers creation receives a standing ovation evoking pride and a sense of accomplishment,Pride,Twitter,#Pride #IndieFilmSuccess,22.0,45.0,Australia
watching a heartwarming family drama tears flow freely as the characters overcome challenges leaving the viewer with a warm glow,Touched,Instagram,#Touched #FamilyDramaMoments,28.0,55.0,India
at the oscars the actor graciously accepts an award radiating joy and gratitude for the recognition of their outstanding performance,Gratitude,Facebook,#Gratitude #OscarWinningMoment,18.0,35.0,USA
discovering a hidden gem in the world of documentaries the viewer is enlightened and inspired feeling a renewed sense of curiosity,Inspiration,Twitter,#Inspiration #HiddenGemDiscovery,22.0,45.0,France
as the movie credits roll the viewer experiences a mix of awe and contemplation pondering the deeper meanings woven into the storyline,Contemplation,Instagram,#Contemplation #DeepMeanings,28.0,55.0,Germany
bingewatching a thrilling crime series the suspense keeps the viewer on the edge of their seat creating a rush of adrenaline,Suspense,Facebook,#Suspense #CrimeSeriesThrills,35.0,70.0,Japan
as the closing scene unfolds a sense of satisfaction washes over completing the cinematic journey with a profound and fulfilling ending,Satisfaction,Twitter,#Satisfaction #FulfillingEnding,22.0,45.0,Brazil
celebrating a historic victory in the world cup the nation erupts in joy united by the triumph of their football team,Joy,Instagram,#Joy #WorldCupTriumph,40.0,80.0,Brazil
at the olympics the athletes perseverance shines through earning a gold medal and inspiring a generation with their remarkable achievement,Inspiration,Twitter,#Inspiration #OlympicAchievement,35.0,70.0,USA
in the cricket championship a nailbiting finish leaves fans on the edge of their seats experiencing a rollercoaster of emotions,Excitement,Facebook,#Excitement #CricketChampionship,30.0,60.0,India
witnessing a recordbreaking marathon spectators are filled with awe and admiration for the endurance and dedication of the runners,Admiration,Instagram,#Admiration #MarathonRecords,22.0,45.0,Kenya
in the tennis grand slam a fierce rivalry unfolds captivating fans with a display of skill and sportsmanship on the world stage,Captivation,Twitter,#Captivation #TennisRivalry,28.0,55.0,UK
cheering for the underdog in the basketball finals the crowd erupts in applause as the team defies odds to claim the championship title,Triumph,Facebook,#Triumph #BasketballFinals,18.0,35.0,USA
at the golf tournament the golfers precision and focus lead to a stunning victory leaving spectators in awe of their exceptional skill,Awe,Instagram,#Awe #GolfVictory,22.0,45.0,Scotland
experiencing the thrill of a highspeed formula 1 race fans are on the edge of their seats as drivers compete for the championship,Thrill,Twitter,#Thrill #Formula1Championship,28.0,55.0,Germany
in the cycling world championship the climber conquers challenging terrains symbolizing determination and achievement against all odds,Determination,Facebook,#Determination #CyclingChampion,35.0,70.0,Italy
witnessing a heartwarming comeback in the hockey finals fans share tears of joy as the team secures a historic victory after adversity,Heartwarming,Instagram,#Heartwarming #HockeyFinalsComeback,22.0,45.0,Canada
after a series of defeats the soccer team faces disappointment struggling to find the silver lining in a challenging season,Disappointment,Twitter,#Disappointment #SoccerDefeats,40.0,80.0,Brazil
in the tennis tournament a highly anticipated player experiences a setback leaving fans in shock and questioning the unforeseen turn of events,Frustration,Instagram,#Frustration #TennisSetback,35.0,70.0,USA
facing a defeat in the championship the boxer reflects on the challenges vowing to return stronger and more determined in the next bout,Reflection,Facebook,#Reflection #BoxingDefeat,30.0,60.0,UK
in the midst of a cycling race a tire blowout leads to frustration for the cyclist who valiantly tries to overcome the unexpected obstacle,Obstacle,Twitter,#Obstacle #CyclingFrustration,22.0,45.0,France
the gymnasts unexpected fall during a routine sparks a wave of sympathy from the audience highlighting the vulnerability of sports,Sympathy,Instagram,#Sympathy #GymnasticsFall,28.0,55.0,Japan
in the golf tournament a missed crucial putt results in defeat causing the golfer to reflect on the pressure of highstakes competition,Pressure,Facebook,#Pressure #GolfDefeat,18.0,35.0,USA
experiencing a series of losses in the basketball season the team grapples with frustration determined to turn the tide with renewed effort,Renewed Effort,Twitter,#RenewedEffort #BasketballStruggles,22.0,45.0,Canada
despite meticulous training the swimmer faces disappointment as a splitsecond miscalculation costs them the lead in a crucial race,Miscalculation,Instagram,#Miscalculation #SwimmingDisappointment,28.0,55.0,Australia
the weightlifters failed attempt at a personal record results in frustration highlighting the challenging nature of pushing physical limits,Challenge,Facebook,#Challenge #WeightliftingFailure,35.0,70.0,Germany
in the midst of a soccer match an unexpected own goal creates a moment of despair for the player as teammates console and encourage them,Despair,Twitter,#Despair #OwnGoal,22.0,45.0,Spain
in the serene beauty of a sunset nature unfolds a canvas of colors evoking a sense of tranquility and wonder,Tranquility,Instagram,#Tranquility #SunsetBeauty,40.0,80.0,Canada
embarking on a spontaneous road trip the traveler discovers hidden gems creating memories that will be cherished for a lifetime,Adventure,Twitter,#Adventure #RoadTripMemories,35.0,70.0,USA
amidst the bustling city a quiet café becomes a sanctuary for reflection where a cup of coffee brings solace to the wandering mind,Solace,Facebook,#Solace #CafeReflection,30.0,60.0,France
exploring the vibrant street art of a cultural neighborhood each mural tells a story infusing the city with creativity and expression,Creativity,Instagram,#Creativity #StreetArtVibes,22.0,45.0,Brazil
in the world of science a breakthrough discovery unfolds pushing the boundaries of knowledge and opening new frontiers of exploration,Breakthrough,Twitter,#Breakthrough #ScientificDiscovery,28.0,55.0,Germany
connecting with the melody of a live orchestra the music enthusiast experiences a symphony that resonates deep within the soul,Harmony,Facebook,#Harmony #OrchestraMelody,18.0,35.0,UK
embracing the aroma of freshly baked bread the home chef finds joy in the art of baking creating delicious memories for loved ones,Joy in Baking,Instagram,#JoyInBaking #HomemadeDelights,22.0,45.0,India
wandering through a historical museum the history enthusiast becomes immersed in the tales of the past envisioning bygone eras,Envisioning History,Twitter,#EnvisioningHistory #MuseumTales,28.0,55.0,Italy
in the realm of literature a captivating novel transports the reader to distant lands weaving a tapestry of imagination and escape,Imagination,Facebook,#Imagination #LiteraryEscape,35.0,70.0,Japan
capturing the essence of a bustling market the photographer freezes moments in time each frame telling a unique and vibrant story,Vibrancy,Instagram,#Vibrancy #MarketStories,22.0,45.0,Australia
underneath the city lights the dancer expresses emotions through graceful movements creating a mesmerizing performance under the night sky,Mesmerizing,Twitter,#Mesmerizing #NightDancePerformance,40.0,80.0,USA
in the heart of a bustling market the street food connoisseur indulges in a culinary adventure savoring diverse flavors and aromas,Culinary Adventure,Instagram,#CulinaryAdventure #StreetFoodDelights,35.0,70.0,Thailand
as the first snowflake descends the winter enthusiast eagerly prepares for a season of frosty delights anticipating the magic of snowcovered landscapes,Winter Magic,Facebook,#WinterMagic #SnowyLandscapes,30.0,60.0,Canada
amidst the pages of a captivating mystery novel the reader unravels clues and secrets experiencing a thrilling journey of suspense and revelation,Thrilling Journey,Twitter,#ThrillingJourney #MysteryNovel,22.0,45.0,UK
surrounded by the vibrant colors of a flower garden the gardener nurtures blossoms finding joy in the beauty of natures everchanging canvas,Nature's Beauty,Instagram,#NaturesBeauty #FloralJoy,28.0,55.0,Australia
at the astronomy observatory the stargazer marvels at the vastness of the cosmos contemplating the mysteries hidden within the celestial expanse,Celestial Wonder,Facebook,#CelestialWonder #Stargazing,18.0,35.0,USA
engulfed in the aroma of freshly brewed coffee the writer finds inspiration in every sip embarking on a journey of creativity and prose,Creative Inspiration,Twitter,#CreativeInspiration #CoffeeJourney,22.0,45.0,France
in the realm of fashion the designer unveils a collection that tells a story blending innovation and tradition on the runway of creativity,Runway Creativity,Instagram,#RunwayCreativity #FashionInnovation,28.0,55.0,Italy
as the waves crash against the shore the surfer embraces the thrill of riding the oceans energy capturing the essence of freedom in each wave,Ocean's Freedom,Facebook,#OceansFreedom #SurfingThrills,22.0,45.0,Brazil
exploring the historical architecture of an ancient city the traveler is transported to a bygone era where each monument whispers tales of the past,Whispers of the Past,Twitter,#WhispersOfThePast #HistoricalTour,35.0,70.0,Greece
successfully avoided eye contact with my crush in the hallway mission accomplished teencrush stealthmode,Excitement,Twitter,#CrushStruggles #AvoidingEyeContact,15.0,30.0,USA
ran out of snacks during a movie marathon crisis level emergency movienightstruggles teenproblems,Boredom,Instagram,#SnackCrisis #TeenLife,18.0,35.0,Canada
spent an hour choosing the perfect filter for a selfie the struggle for that instagram aesthetic is real selfiequeen teenvibes,Joy,Facebook,#SelfieStruggle #TeenConfessions,22.0,45.0,UK
lost my headphones again how do they vanish into thin air headphonemystery teenlife,Frustration,Twitter,#TeenProblems #LostHeadphones,20.0,40.0,USA
decided to study for exams but ended up making memes about studying instead procrastination level expert procrastinationnation teenconfessions,Surprise,Instagram,#StudyingMemes #TeenLife,25.0,50.0,Canada
got dressed for the day then remembered its saturday oops weekendvibes teenstruggles,Indifference,Facebook,#WeekendOops #TeenFashion,20.0,40.0,USA
survived a group project without any drama miracles do happen groupprojectsuccess teenachievements,Satisfaction,Twitter,#TeenSuccess #ProjectMiracle,28.0,55.0,UK
entered the kitchen with the intention to cook left with a bag of chips cooking is overrated anyway masterchefintraining teenhumor,Disgust,Instagram,#TeenChef #CookingFail,22.0,45.0,Canada
staring at the clock in class waiting for the bell to ring like its the most exciting event of the day classcountdown teenlife,Surprise,Facebook,#ClassEvent #TeenExcitement,18.0,35.0,USA
discovered a new book series and spent the whole night reading who needs sleep anyway bookwormlife latenightreading,Joy,Twitter,#BookDiscoveries #TeenReading,30.0,60.0,UK
bought a new video game played for hours forgot to eat the ultimate gaming session gamerlife nofoodgaming,Excitement,Instagram,#GameOn #TeenGamer,22.0,45.0,USA
spent the day bingewatching a new series productivity level zero lazyday tvseriesmarathon,Joy,Facebook,#BingeWatchDay #TeenLife,35.0,70.0,Canada
caught up on the latest fashion trends and now planning a shopping spree fashionista trendyteen,Excitement,Twitter,#FashionGoals #TeenStyle,20.0,40.0,USA
decided to learn a new instrument day one still trying to figure out how to hold it musicnovice learningjourney,Frustration,Instagram,#InstrumentLearning #TeenMusic,28.0,55.0,UK
spent hours creating the perfect playlist for every mood music is my therapy playlistmaker teenmusiclover,Joy,Facebook,#MusicTherapy #TeenPlaylist,22.0,45.0,Canada
successfully cooked a gourmet meal for the family chef skills unlocked chefmode teenchef,Pride,Twitter,#CookingSuccess #TeenCook,25.0,50.0,USA
spontaneously booked a weekend getaway adventure awaits travelbug weekendescape,Excitement,Instagram,#GetawayGoals #TeenTravel,18.0,35.0,UK
attended a concert and danced the night away music is the heartbeat of life concertvibes danceallnight,Joy,Facebook,#MusicMagic #TeenConcert,28.0,55.0,Canada
rediscovered childhood cartoons and had a nostalgiafilled marathon cartoonnostalgia teenmemories,Joy,Twitter,#ChildhoodMemories #TeenCartoons,22.0,45.0,USA
embarked on a diy home decor project lets hope it turns out better than last time diyadventure teenhomedecor,Excitement,Instagram,#DIYGoals #TeenCreative,35.0,70.0,UK
spent the afternoon at a museum pretending to be cultured art enthusiast in the making museumday teenartlover,Curiosity,Facebook,#CulturalDay #TeenCuriosity,20.0,40.0,USA
started a blog about random thoughts and musings blogging is the new diary bloggerlife teenblogger,Curiosity,Twitter,#BloggingJourney #TeenThoughts,30.0,60.0,Canada
relishing a peaceful afternoon with a classic novel quiet moments are the best moments booklover peacefulafternoon,Contentment,Instagram,#QuietMoments #BookishEscape,35.0,70.0,USA
reflecting on a lifetime of memories each wrinkle tells a story embracing the beauty of aging lifereflections beautyinaging,Gratitude,Twitter,#AgingGracefully #Memories,28.0,55.0,UK
exploring the world of digital art its never too late to discover new passions digitalartistry latebloomer,Curiosity,Facebook,#ArtDiscovery #SeniorArtist,22.0,45.0,Canada
savoring the flavors of a homecooked meal simple joys are the heart of happiness homecooking simplejoys,Contentment,Instagram,#HappinessInFood #SeniorLife,25.0,50.0,USA
embarking on a journey of learning a new language the mind stays young with every new word languagelearning nevertoolate,Curiosity,Twitter,#MindEnrichment #SeniorLearning,30.0,60.0,UK
attended a classical music concert feeling the timeless melodies resonate music transcends generations classicalmusic timelessmelodies,Joy,Facebook,#MusicLover #SeniorConcert,18.0,35.0,Canada
capturing the beauty of nature through photography every snapshot is a treasure naturephotography seniorphotographer,Joy,Instagram,#NatureCapture #SeniorMoments,35.0,70.0,USA
reconnecting with old friends over a cup of tea friendship the true essence of companionship oldfriends companionship,Contentment,Twitter,#FriendshipGoals #SeniorBonding,28.0,55.0,UK
embarked on a road trip to revisit cherished places from the past nostalgia the ultimate travel companion roadtrip nostalgiatour,Joy,Facebook,#CherishedPlaces #SeniorTravel,22.0,45.0,Canada
joined a community choir harmonizing with fellow voices music creates bonds that withstand time communitychoir harmonyinaging,Joy,Instagram,#MusicHarmony #SeniorVoices,20.0,40.0,USA
exploring the art of meditation finding tranquility in the stillness of the mind meditationjourney tranquilmind,Contentment,Twitter,#MindfulLiving #SeniorCalm,18.0,35.0,UK
taking a stroll in the garden appreciating the beauty of blooming flowers natures wonders never cease gardenwalk floralbeauty,Contentment,Facebook,#NatureWonders #SeniorGarden,25.0,50.0,USA
sipping on a favorite vintage wine each sip telling a story of the years gone by cheers to a life welllived winelover vintagecheers,Contentment,Instagram,#LifeWellLived #SeniorWine,28.0,55.0,UK
participated in a community art class unleashing creativity in the golden years art has no age limit artclass seniorartistry,Joy,Twitter,#CreativityAtAnyAge #SeniorCreativity,22.0,45.0,Canada
embarking on a journey of writing a memoir documenting a lifetime of experiences every story matters memoirwriting seniorstories,Gratitude,Facebook,#LifetimeExperiences #SeniorMemoir,35.0,70.0,USA
attended a lecture on history always fascinated by the lessons from the past learning is a lifelong adventure historylecture seniorlearning,Curiosity,Instagram,#LifetimeAdventure #SeniorCuriosity,30.0,60.0,UK
rediscovered the joy of cooking traditional family recipes the kitchen a place of cherished memories familyrecipes seniorcooking,Contentment,Twitter,#KitchenMemories #SeniorCulinary,20.0,40.0,USA
joined a nature photography club capturing the beauty of the great outdoors every click is a connection to nature naturephotography seniorphotographer,Joy,Facebook,#OutdoorBeauty #SeniorClicks,18.0,35.0,UK
attended a jazz concert and swayed to the rhythm of timeless tunes music a constant companion in the golden years jazzconcert seniormusic,Joy,Instagram,#TimelessTunes #SeniorJazz,25.0,50.0,USA
joined a writing group penning down thoughts and reflections writing a journey into the depths of the soul writinggroup seniorwriter,Gratitude,Twitter,#SoulfulWriting #SeniorReflections,28.0,55.0,UK
embarked on a solo travel adventure discovering the beauty of new places at my own pace solotravel seniorexplorer,Excitement,Instagram,#DiscoverNewPlaces #SeniorTravel,30.0,60.0,USA
attended a vintage car show reminiscing about the classics that once ruled the roads nostalgia in every rev vintagecars classicrides,Joy,Facebook,#RoadTripDownMemoryLane #SeniorCars,22.0,45.0,UK
started a community garden growing not just plants but friendships too green thumbs unite communitygarden seniorgardener,Joy,Twitter,#GardenFriends #SeniorGreenThumb,28.0,55.0,Canada
hosted a family dinner where laughter echoed louder than the clinking of utensils family the heart of happiness familydinner seniorhost,Contentment,Instagram,#HeartwarmingMoments #SeniorFamily,35.0,70.0,USA
enrolled in a dance class for seniors moving to the rhythm of life age is just a number on the dance floor danceclass seniordancer,Joy,Twitter,#DanceLife #SeniorMoves,18.0,35.0,UK
visited an art gallery appreciating the brushstrokes that tell tales of creativity art an eternal companion artgallery seniorartlover,Joy,Facebook,#CreativeExpressions #SeniorArt,25.0,50.0,USA
started a book club for seniors where discussions are as lively as the characters in the novels bookclub seniorreaders,Joy,Instagram,#BookishTalks #SeniorBookworms,22.0,45.0,UK
hosted a picnic in the park basking in the warmth of friendship and sunshine simple joys timeless memories parkpicnic seniorjoy,Contentment,Twitter,#FriendshipSunshine #SeniorMemories,30.0,60.0,Canada
participated in a local theater production proving that the stage belongs to every age theaterproduction senioractor,Joy,Facebook,#StagePassion #SeniorTheater,20.0,40.0,USA
embarked on a hiking adventure conquering trails and relishing the beauty of nature age is just a number on the mountaintop hikingadventure seniorhiker,Excitement,Instagram,#NatureTrailBlazer #SeniorExplorer,28.0,55.0,UK
hosted a photography exhibition featuring snapshots of a life welllived every photo has a story to tell photographyexhibition seniorphotographer,Gratitude,Twitter,#LifeInPictures #SeniorExhibition,22.0,45.0,Canada
joined a seniors cycling club feeling the wind in my hair and the freedom of the open road cyclingclub seniorcyclist,Excitement,Facebook,#OpenRoadAdventures #SeniorCycling,25.0,50.0,USA
attended a wine tasting event savoring the richness of flavors that age like fine wine cheers to the golden years winetasting seniorwinelover,Joy,Instagram,#AgedToPerfection #SeniorCheers,35.0,70.0,UK
started learning ballroom dancing gliding gracefully across the dance floor ageless elegance in every step ballroomdancing seniordancer,Joy,Twitter,#GracefulMoves #SeniorDance,20.0,40.0,USA
organized a community painting event turning blank canvases into a masterpiece of shared creativity paintingevent seniorartist,Joy,Facebook,#CommunityArt #SeniorCreativity,28.0,55.0,Canada
hosted a memory lane evening with old friends reminiscing about the adventures that shaped our lives memorylane seniorreminiscing,Gratitude,Instagram,#FriendshipAdventures #SeniorNostalgia,30.0,60.0,USA
joined a seniors astronomy club stargazing and finding wonder in the vastness of the cosmos astronomyclub seniorstargazer,Curiosity,Twitter,#CelestialWonders #SeniorAstronomy,18.0,35.0,UK
attended a local jazz festival tapping toes to the tunes that have stood the test of time music a lifelong love affair jazzfestival seniormusiclover,Joy,Facebook,#TimelessTunes #SeniorJazz,25.0,50.0,USA
started a blog sharing the wisdom gained through the years proving that every day is a chance to learn and grow seniorwisdom blog,Gratitude,Instagram,#LifeLessons #SeniorBlog,22.0,45.0,UK
participated in a charity run proving that age is no barrier to supporting meaningful causes charityrun seniorrunner,Excitement,Twitter,#RunForACause #SeniorSupport,30.0,60.0,Canada
survived a challenging physics exam equations you wont defeat me,Relief,Instagram,#PhysicsSurvivor #HighSchoolAdventures,20.0,40.0,USA
exploring the world of coding debugging is an adventure on its own codingjourney highschoolcoder,Excitement,Twitter,#CodingAdventure #HighSchoolCoderLife,25.0,50.0,UK
joined the school debate team words are my weapons and im ready for battle,Excitement,Facebook,#DebateWarrior #HighSchoolDebater,18.0,35.0,Canada
started a photography club at school capturing moments one snapshot at a time,Joy,Instagram,#PhotographyClub #HighSchoolPhotographer,22.0,45.0,USA
daydreaming about the upcoming prom the dress the dance its a fairytale in the making,Excitement,Twitter,#PromDreams #HighSchoolFairytale,30.0,60.0,Canada
convinced the teacher to have class outdoors learning equations with a side of fresh air,Positive,Facebook,#OutdoorClassroom #HighSchoolExplorer,28.0,55.0,USA
accidentally spilled paint in art class abstract art right artclassadventures highschoolartist,Embarrassed,Instagram,#ArtisticMishaps #HighSchoolArt,22.0,45.0,UK
trying to master the perfect kickflip on my skateboard skating into the weekend like a pro,Excitement,Twitter,#SkaterLife #HighSchoolSkater,30.0,60.0,Canada
bonding with friends over the latest kpop sensation fangirling at its finest,Joy,Facebook,#KpopFangirl #HighSchoolMusic,20.0,40.0,USA
spent hours perfecting a chemistry experiment mixing potions like a wizard,Joy,Instagram,#ChemistryWizard #HighSchoolScientist,28.0,55.0,UK
successfully organized a surprise birthday party for a friend party planning expert mode achieved,Joy,Twitter,#BirthdayParty #HighSchoolCelebration,22.0,45.0,Canada
joined the drama club to unleash my inner actor lights camera action,Excitement,Facebook,#DramaClubStar #HighSchoolActor,25.0,50.0,USA
got my hands on the latest fantasy novel diving into realms of magic and adventure,Excitement,Instagram,#FantasyBookNerd #HighSchoolReader,35.0,70.0,UK
mastering the art of the perfect doodle during boring classes doodles a,Joy,Twitter,#DoodleMaster #HighSchoolArt,20.0,40.0,USA
attempting to break the school record for the longest handstand wish me luck,Excitement,Facebook,#HandstandChallenge #HighSchoolAthlete,28.0,55.0,Canada
sneaking snacks into class like a pro the art of snacksmuggling is a sacred skill,Mischievous,Instagram,#SnackSmuggler #HighSchoolSnacks,30.0,60.0,USA
hosting a sleepover with friends this weekend preparing for a night of laughter and memories,Excitement,Twitter,#SleepoverFun #HighSchoolMemories,18.0,35.0,UK
spent hours on a tiktok dance only to realize i have two left feet dance fail unleashed,Embarrassed,Facebook,#DanceFail #HighSchoolTikTok,25.0,50.0,USA
accidentally liked my crushs old photo while stalking their profile awkward level maximum,Embarrassed,Instagram,#SocialMediaBlunder #HighSchoolAwkward,22.0,45.0,UK
tried to impress my crush with a smooth conversation ended up spilling my drink smooth level nonexistent,Embarrassed,Twitter,#CrushFail #HighSchoolEmbarrassment,30.0,60.0,Canada
mastered the art of creating paper airplanes during lecture paper planes soaring to new heights,Joy,Instagram,#PaperPlaneExpert #HighSchoolArt,15.0,30.0,USA
trying to set a new trend by juggling textbooks between classes academic juggling a unique skill,Excitement,Facebook,#TextbookJuggling #HighSchoolSkills,22.0,40.0,Canada
hiding a snack stash in my backpack for emergency cravings snack ninja mode activated,Mischievous,Twitter,#SnackNinja #HighSchoolSnacks,28.0,55.0,USA
planning a surprise scavenger hunt for friends anticipating the thrill and excitement,Excitement,Instagram,#SurpriseAdventure #HighSchoolFun,20.0,38.0,UK
danced in the rain to celebrate the end of exams rain dance unexpectedly refreshing,Joy,Facebook,#RainDance #HighSchoolJoy,25.0,50.0,Canada
accidentally sent a text meant for a friend to the class group chat texting fail oops moment,Embarrassed,Twitter,#TextingFail #HighSchoolAwkward,18.0,35.0,USA
tried a magic trick to impress classmates magic fail where did that rabbit go,Embarrassed,Instagram,#MagicFail #HighSchoolMagic,22.0,45.0,UK
perfecting the art of creating origami during a dull lecture origami mastery a,Joy,Twitter,#OrigamiMaster #HighSchoolArt,18.0,36.0,USA
attempting to set a new record for the most consecutive hacky sack kicks hacky sack skills unleashed,Excitement,Instagram,#HackySackChallenge #HighSchoolAthlete,26.0,48.0,Canada
creating a secret handshake with friends friendship level expert,Joy,Facebook,#FriendshipGoals #HighSchoolMemories,20.0,40.0,USA
embarking on a mission to find the best burger joint in town burger connoisseur reporting for duty,Excitement,Twitter,#BurgerQuest #HighSchoolFoodie,24.0,42.0,UK
practicing a standup comedy routine for the upcoming talent show comedy gig in the making,Joy,Instagram,#StandUpComedy #HighSchoolTalent,21.0,39.0,Canada
accidentally sent a love letter to the wrong person love note fail maximum embarrassment,Embarrassed,Facebook,#LoveLetterFail #HighSchoolAwkward,17.0,33.0,USA
attempting to impress the teacher with an elaborate science experiment science geek mode activated,Excitement,Twitter,#ScienceGeek #HighSchoolExperiments,23.0,44.0,UK
crafting intricate friendship bracelets for the whole squad friendship level expert weaver,Joy,Instagram,#FriendshipBracelets #HighSchoolCrafts,19.0,37.0,USA
attempting to beat the record for the most consecutive cartwheels cartwheel challenge underway,Excitement,Twitter,#CartwheelChallenge #HighSchoolAthlete,27.0,52.0,Canada
organizing a movie marathon with friends popcorn and cinematic adventures await,Joy,Facebook,#MovieNight #HighSchoolMemories,22.0,43.0,UK
experimenting with a new hair color a bold change for a bold semester,Excitement,Instagram,#HairExperiment #HighSchoolStyle,20.0,39.0,USA
building a time capsule to capture memories for the future timetraveling emotions,Joy,Facebook,#TimeCapsule #HighSchoolNostalgia,26.0,48.0,Canada
accidentally walked into the wrong classroom on the first day classroom mixup awkward start,Embarrassed,Twitter,#FirstDayOops #HighSchoolEmbarrassment,16.0,32.0,USA
trying out a new smoothie recipe for a healthy start to the week smoothie enthusiast level up,Excitement,Instagram,#HealthyLiving #HighSchoolWellness,23.0,42.0,UK
reflecting on the challenges of the school year feeling a bit overwhelmed with assignments,Sad,Twitter,#SchoolChallenges #HighSchoolStruggles,15.0,28.0,USA
encountered some meanspirited comments online dealing with online hate is never easy,Hate,Instagram,#OnlineHate #HighSchoolReality,18.0,36.0,Canada
had a bad day at school everything seems to be going wrong,Bad,Facebook,#BadDay #HighSchoolBlues,20.0,40.0,UK
feeling down after not making the sports team disappointment lingers,Sad,Twitter,#Disappointment #HighSchoolSports,17.0,34.0,USA
witnessed a heated argument in the cafeteria unpleasant atmosphere at lunch,Hate,Instagram,#CafeteriaDrama #HighSchoolTension,21.0,41.0,Canada
received a notsogreat grade on a major project academic frustration setting in,Bad,Facebook,#AcademicFrustration #HighSchoolStress,19.0,38.0,UK
dealing with a personal setback sometimes life throws unexpected challenges,Sad,Twitter,#LifeChallenges #HighSchoolStruggles,22.0,44.0,USA
feeling lonely on a saturday night sometimes solitude hits harder than expected,Sad,Instagram,#LonelyNights #HighSchoolEmotions,16.0,31.0,Canada
experiencing cyberbullying hateful messages online are disheartening,Hate,Facebook,#StopCyberbullying #HighSchoolReality,14.0,27.0,UK
caught in a torrential rainstorm without an umbrella todays weather is just bad luck,Bad,Twitter,#BadLuck #HighSchoolWeather,18.0,35.0,USA
missing an important event due to unforeseen circumstances a day filled with sadness,Sad,Instagram,#MissedChances #HighSchoolRegret,20.0,39.0,Canada
dealing with unfounded rumors circulating about personal life rumors can be hurtful,Hate,Facebook,#RumorMills #HighSchoolDrama,23.0,46.0,UK
got a flat tire on the way to an important meeting talk about a series of bad events,Bad,Twitter,#BadLuckDay #HighSchoolStruggles,25.0,50.0,USA
feeling a sense of emptiness after a close friend moves away farewells are always sad,Sad,Instagram,#SayingGoodbye #HighSchoolEmotions,21.0,42.0,Canada
facing rejection from a dream college disheartened but determined to explore other paths,Sad,Facebook,#CollegeDreams #HighSchoolJourney,19.0,37.0,UK
encountering online toxicity during a gaming session hateful comments can ruin the fun,Hate,Twitter,#OnlineGaming #HighSchoolGamer,16.0,32.0,USA
having a bad hair day and feeling selfconscious bad hair days can affect confidence,Bad,Instagram,#BadHairDay #HighSchoolConfidence,18.0,36.0,Canada
feeling a sense of despair after a major project failure hard work didnt pay off this time,Sad,Facebook,#ProjectStruggles #HighSchoolHardships,21.0,41.0,UK
experiencing hate comments for expressing personal opinions online negativity prevails,Hate,Twitter,#OnlineOpinions #HighSchoolCriticism,24.0,48.0,USA
having a string of bad luck with constant technology malfunctions tech troubles galore,Bad,Instagram,#TechIssues #HighSchoolTech,22.0,43.0,Canada
missing out on a longanticipated event due to unexpected circumstances a day filled with sadness,Sad,Facebook,#MissedMoments #HighSchoolRegret,20.0,39.0,UK
trying out a new study technique for upcoming exams exploring different learning strategies,Neutral,Instagram,#StudyStrategies #HighSchoolExams,23.0,42.0,USA
organizing a community cleanup event for a cleaner neighborhood promoting environmental awareness,Neutral,Twitter,#EnvironmentalEfforts #HighSchoolCommunity,26.0,50.0,Canada
sharing favorite book recommendations with classmates building a mini book club,Neutral,Facebook,#BookClub #HighSchoolReads,19.0,38.0,UK
experimenting with a new recipe for a school bake sale baking adventures in the kitchen,Neutral,Instagram,#BakingAdventures #HighSchoolBakes,21.0,43.0,USA
collaborating on a school project with peers teamwork makes the dream work,Neutral,Twitter,#Teamwork #HighSchoolProjects,18.0,36.0,Canada
attending a school club meeting to explore new interests dabbling in extracurricular activities,Neutral,Instagram,#SchoolClubs #HighSchoolInterests,22.0,45.0,UK
exploring a new parttime job opportunity for gaining work experience career development in progress,Neutral,Facebook,#CareerDevelopment #HighSchoolJobs,24.0,48.0,USA
attending a school assembly to stay informed about upcoming events and announcements staying connected with school activities,Neutral,Twitter,#SchoolEvents #HighSchoolConnectivity,20.0,40.0,Canada
exploring a new hobby of photography during free time capturing moments through a lens,Neutral,Instagram,#PhotographyJourney #HighSchoolHobbies,25.0,49.0,UK
participating in a science fair to showcase a unique experiment sharing knowledge with peers,Neutral,Facebook,#ScienceFair #HighSchoolScience,19.0,37.0,USA
attending a workshop on time management to enhance organizational skills striving for efficiency,Neutral,Twitter,#EfficiencyGoals #HighSchoolSkills,23.0,44.0,Canada
volunteering at a local charity event to give back to the community contributing to social causes,Neutral,Instagram,#CommunityService #HighSchoolVolunteer,20.0,39.0,UK
collaborating on a group project to promote teamwork and shared responsibilities group effort in action,Neutral,Facebook,#TeamSpirit #HighSchoolProjects,18.0,35.0,USA
participating in a debate club to enhance critical thinking and communication skills intellectual engagement in progress,Neutral,Twitter,#DebateSkills #HighSchoolIntellect,22.0,43.0,Canada
celebrating a friends birthday with a surprise party joyful moments and laughter all around,Happy,Instagram,#SurpriseParty #HighSchoolCelebration,27.0,52.0,UK
successfully completing a challenging coding project excitement for overcoming coding hurdles,Happy,Twitter,#CodingTriumph #HighSchoolTech,24.0,48.0,USA
attending a school talent show to support classmates applauding the diverse talents on display,Happy,Facebook,#TalentShow #HighSchoolEntertainment,19.0,38.0,Canada
exploring a new hiking trail with friends over the weekend nature laughter and good vibes,Happy,Instagram,#NatureAdventures #HighSchoolFriends,21.0,42.0,UK
winning a friendly sports competition against rival schools victory celebrations in full swing,Happy,Twitter,#SportsTriumph #HighSchoolAthletics,26.0,50.0,USA
receiving a heartfelt letter from a pen pal in another country connecting across the globe,Happy,Facebook,#GlobalFriendship #HighSchoolCorrespondence,23.0,45.0,Canada
creating a beautiful mural with fellow art enthusiasts the power of collaboration and creativity,Happy,Instagram,#ArtCollaboration #HighSchoolCreativity,22.0,43.0,UK
participating in a schoolwide art exhibition witnessing creativity and spreading positive vibes,Happy,Instagram,#ArtisticExpression #HighSchoolCreativity,23.0,44.0,USA
achieving a personal best in a track and field competition the thrill of victory and selfimprovement,Happy,Twitter,#AthleticAchievement #HighSchoolSports,26.0,51.0,Canada
collaborating on a science project that received recognition at a regional fair science triumphs and smiles,Happy,Facebook,#ScienceFairWinner #HighSchoolScience,20.0,39.0,UK
attending a surprise birthday party organized by friends surrounded by love laughter and good company,Happy,Instagram,#SurpriseCelebration #HighSchoolFriendship,25.0,48.0,USA
successfully fundraising for a school charity initiative the joy of giving back to the community,Happy,Twitter,#CommunityGiving #HighSchoolPhilanthropy,22.0,42.0,Canada
participating in a multicultural festival celebrating diversity with music dance and delicious food,Happy,Facebook,#CulturalCelebration #HighSchoolUnity,21.0,43.0,UK
organizing a virtual talent show during challenging times bringing smiles to classmates faces,Happy,Instagram,#VirtualEntertainment #HighSchoolPositivity,24.0,47.0,USA
